word,ipa,source,oxford_us_url
"1","/wʌn/",number,https://www.oxfordlearnersdictionaries.com/us/definition/american_english/1
"10","/ten/",number,https://www.oxfordlearnersdictionaries.com/us/definition/american_english/10
"12","/twelv/",number,https://www.oxfordlearnersdictionaries.com/us/definition/american_english/12
"15","/fɪfˈtiːn/",number,https://www.oxfordlearnersdictionaries.com/us/definition/american_english/15
"2","/tuː/",number,https://www.oxfordlearnersdictionaries.com/us/definition/american_english/2
"3","/θriː/",number,https://www.oxfordlearnersdictionaries.com/us/definition/american_english/3
"4","/fɔːr/",number,https://www.oxfordlearnersdictionaries.com/us/definition/american_english/4
"45","/ˈfɔːrti faɪv/",number,https://www.oxfordlearnersdictionaries.com/us/definition/american_english/45
"5","/faɪv/",number,https://www.oxfordlearnersdictionaries.com/us/definition/american_english/5
"6","/sɪks/",number,https://www.oxfordlearnersdictionaries.com/us/definition/american_english/6
"7","/ˈsevən/",number,https://www.oxfordlearnersdictionaries.com/us/definition/american_english/7
"8","/eɪt/",number,https://www.oxfordlearnersdictionaries.com/us/definition/american_english/8
"9","/naɪn/",number,https://www.oxfordlearnersdictionaries.com/us/definition/american_english/9
"a","/ə/",cmudict,https://www.oxfordlearnersdictionaries.com/us/definition/american_english/a
"ability","/əˈbɪlətiː/",cmudict,https://www.oxfordlearnersdictionaries.com/us/definition/american_english/ability
"able","/ˈeɪbl/",cmudict,https://www.oxfordlearnersdictionaries.com/us/definition/american_english/able
"about","/əˈbaʊt/",cmudict,https://www.oxfordlearnersdictionaries.com/us/definition/american_english/about
"abroad","/əˈbrɔːd/",cmudict,https://www.oxfordlearnersdictionaries.com/us/definition/american_english/abroad
"accepting","/ækˈseptɪŋ/",cmudict,https://www.oxfordlearnersdictionaries.com/us/definition/american_english/accepting
"accuracy","/ˈækjərəsi/",cmudict,https://www.oxfordlearnersdictionaries.com/us/definition/american_english/accuracy
"across","/əˈkrɔːs/",cmudict,https://www.oxfordlearnersdictionaries.com/us/definition/american_english/across
"action","/ˈækʃən/",cmudict,https://www.oxfordlearnersdictionaries.com/us/definition/american_english/action
"actions","/ˈækʃənz/",cmudict,https://www.oxfordlearnersdictionaries.com/us/definition/american_english/actions
"adapt","/əˈdæpt/",cmudict,https://www.oxfordlearnersdictionaries.com/us/definition/american_english/adapt
"add","/æd/",cmudict,https://www.oxfordlearnersdictionaries.com/us/definition/american_english/add
"adjective","/ˈædʒɪktɪv/",cmudict,https://www.oxfordlearnersdictionaries.com/us/definition/american_english/adjective
"affection","/əˈfekʃən/",cmudict,https://www.oxfordlearnersdictionaries.com/us/definition/american_english/affection
"affectionate","/əˈfekʃənət/",cmudict,https://www.oxfordlearnersdictionaries.com/us/definition/american_english/affectionate
"after","/ˈæftər/",cmudict,https://www.oxfordlearnersdictionaries.com/us/definition/american_english/after
"again","/əˈɡen/",cmudict,https://www.oxfordlearnersdictionaries.com/us/definition/american_english/again
"against","/əˈɡenst/",cmudict,https://www.oxfordlearnersdictionaries.com/us/definition/american_english/against
"agree","/əˈɡriː/",cmudict,https://www.oxfordlearnersdictionaries.com/us/definition/american_english/agree
"agreement","/əˈɡriːmənt/",cmudict,https://www.oxfordlearnersdictionaries.com/us/definition/american_english/agreement
"ahead","/əˈhed/",cmudict,https://www.oxfordlearnersdictionaries.com/us/definition/american_english/ahead
"alex","/ˈælɪks/",override,https://www.oxfordlearnersdictionaries.com/us/definition/american_english/alex
"alex's","/ˈæləksɪz/",cmudict,https://www.oxfordlearnersdictionaries.com/us/definition/american_english/alexs
"all","/ɔːl/",cmudict,https://www.oxfordlearnersdictionaries.com/us/definition/american_english/all
"allocation","/ˌæləˈkeɪʃən/",cmudict,https://www.oxfordlearnersdictionaries.com/us/definition/american_english/allocation
"allocations","/ˌæləˈkeɪʃənz/",cmudict,https://www.oxfordlearnersdictionaries.com/us/definition/american_english/allocations
"alone","/əˈləʊn/",cmudict,https://www.oxfordlearnersdictionaries.com/us/definition/american_english/alone
"along","/əˈlɔːŋ/",cmudict,https://www.oxfordlearnersdictionaries.com/us/definition/american_english/along
"also","/ˈɔːlsəʊ/",cmudict,https://www.oxfordlearnersdictionaries.com/us/definition/american_english/also
"always","/ˈɔːlweɪz/",cmudict,https://www.oxfordlearnersdictionaries.com/us/definition/american_english/always
"am","/æm/",cmudict,https://www.oxfordlearnersdictionaries.com/us/definition/american_english/am
"ambition","/æmˈbɪʃən/",cmudict,https://www.oxfordlearnersdictionaries.com/us/definition/american_english/ambition
"among","/əˈmʌŋ/",cmudict,https://www.oxfordlearnersdictionaries.com/us/definition/american_english/among
"amounts","/əˈmaʊnts/",cmudict,https://www.oxfordlearnersdictionaries.com/us/definition/american_english/amounts
"an","/ən/",override,https://www.oxfordlearnersdictionaries.com/us/definition/american_english/an
"and","/ænd/",override,https://www.oxfordlearnersdictionaries.com/us/definition/american_english/and
"another","/əˈnʌðər/",cmudict,https://www.oxfordlearnersdictionaries.com/us/definition/american_english/another
"answer","/ˈænsər/",cmudict,https://www.oxfordlearnersdictionaries.com/us/definition/american_english/answer
"answers","/ˈænsərz/",cmudict,https://www.oxfordlearnersdictionaries.com/us/definition/american_english/answers
"any","/ˈeni/",cmudict,https://www.oxfordlearnersdictionaries.com/us/definition/american_english/any
"anyone","/ˈeniwʌn/",cmudict,https://www.oxfordlearnersdictionaries.com/us/definition/american_english/anyone
"anyone's","/ˈeniwʌnz/",cmudict,https://www.oxfordlearnersdictionaries.com/us/definition/american_english/anyones
"apartment","/əˈpɑːrtmənt/",cmudict,https://www.oxfordlearnersdictionaries.com/us/definition/american_english/apartment
"app","/æp/",cmudict,https://www.oxfordlearnersdictionaries.com/us/definition/american_english/app
"appear","/əˈpɪr/",cmudict,https://www.oxfordlearnersdictionaries.com/us/definition/american_english/appear
"appears","/əˈpɪrz/",cmudict,https://www.oxfordlearnersdictionaries.com/us/definition/american_english/appears
"are","/ɑːr/",cmudict,https://www.oxfordlearnersdictionaries.com/us/definition/american_english/are
"argue","/ˈɑːrɡjuː/",cmudict,https://www.oxfordlearnersdictionaries.com/us/definition/american_english/argue
"argument","/ˈɑːrɡjəmənt/",cmudict,https://www.oxfordlearnersdictionaries.com/us/definition/american_english/argument
"arrived","/ərˈaɪvd/",cmudict,https://www.oxfordlearnersdictionaries.com/us/definition/american_english/arrived
"arriving","/ərˈaɪvɪŋ/",cmudict,https://www.oxfordlearnersdictionaries.com/us/definition/american_english/arriving
"ask","/æsk/",cmudict,https://www.oxfordlearnersdictionaries.com/us/definition/american_english/ask
"asked","/æskt/",cmudict,https://www.oxfordlearnersdictionaries.com/us/definition/american_english/asked
"asking","/ˈæskɪŋ/",cmudict,https://www.oxfordlearnersdictionaries.com/us/definition/american_english/asking
"asks","/æsks/",cmudict,https://www.oxfordlearnersdictionaries.com/us/definition/american_english/asks
"assuming","/əˈsuːmɪŋ/",cmudict,https://www.oxfordlearnersdictionaries.com/us/definition/american_english/assuming
"assumption","/əˈsʌmpʃən/",cmudict,https://www.oxfordlearnersdictionaries.com/us/definition/american_english/assumption
"assumptions","/əˈsʌmpʃənz/",cmudict,https://www.oxfordlearnersdictionaries.com/us/definition/american_english/assumptions
"at","/æt/",cmudict,https://www.oxfordlearnersdictionaries.com/us/definition/american_english/at
"attention","/əˈtenʃən/",cmudict,https://www.oxfordlearnersdictionaries.com/us/definition/american_english/attention
"attraction","/əˈtrækʃən/",cmudict,https://www.oxfordlearnersdictionaries.com/us/definition/american_english/attraction
"author","/ˈɔːθər/",cmudict,https://www.oxfordlearnersdictionaries.com/us/definition/american_english/author
"autoplay","/ˈɔːtəʊpleɪ/",override,https://www.oxfordlearnersdictionaries.com/us/definition/american_english/autoplay
"avoid","/əˈvɔɪd/",cmudict,https://www.oxfordlearnersdictionaries.com/us/definition/american_english/avoid
"avoiding","/əˈvɔɪdɪŋ/",cmudict,https://www.oxfordlearnersdictionaries.com/us/definition/american_english/avoiding
"away","/əˈweɪ/",cmudict,https://www.oxfordlearnersdictionaries.com/us/definition/american_english/away
"back","/bæk/",cmudict,https://www.oxfordlearnersdictionaries.com/us/definition/american_english/back
"badly","/ˈbædli/",cmudict,https://www.oxfordlearnersdictionaries.com/us/definition/american_english/badly
"balance","/ˈbæləns/",cmudict,https://www.oxfordlearnersdictionaries.com/us/definition/american_english/balance
"bank","/bæŋk/",cmudict,https://www.oxfordlearnersdictionaries.com/us/definition/american_english/bank
"be","/biː/",cmudict,https://www.oxfordlearnersdictionaries.com/us/definition/american_english/be
"became","/bɪˈkeɪm/",cmudict,https://www.oxfordlearnersdictionaries.com/us/definition/american_english/became
"because","/bɪˈkɔːz/",cmudict,https://www.oxfordlearnersdictionaries.com/us/definition/american_english/because
"become","/bɪˈkʌm/",cmudict,https://www.oxfordlearnersdictionaries.com/us/definition/american_english/become
"been","/bɪn/",cmudict,https://www.oxfordlearnersdictionaries.com/us/definition/american_english/been
"before","/bɪˈfɔːr/",cmudict,https://www.oxfordlearnersdictionaries.com/us/definition/american_english/before
"begin","/bɪˈɡɪn/",cmudict,https://www.oxfordlearnersdictionaries.com/us/definition/american_english/begin
"begins","/bɪˈɡɪnz/",cmudict,https://www.oxfordlearnersdictionaries.com/us/definition/american_english/begins
"behave","/bɪˈheɪv/",cmudict,https://www.oxfordlearnersdictionaries.com/us/definition/american_english/behave
"behavior","/bɪˈheɪvjər/",cmudict,https://www.oxfordlearnersdictionaries.com/us/definition/american_english/behavior
"being","/ˈbiːɪŋ/",cmudict,https://www.oxfordlearnersdictionaries.com/us/definition/american_english/being
"beliefs","/bɪˈliːfs/",cmudict,https://www.oxfordlearnersdictionaries.com/us/definition/american_english/beliefs
"believe","/bɪˈliːv/",cmudict,https://www.oxfordlearnersdictionaries.com/us/definition/american_english/believe
"believing","/bɪˈliːvɪŋ/",cmudict,https://www.oxfordlearnersdictionaries.com/us/definition/american_english/believing
"best","/best/",cmudict,https://www.oxfordlearnersdictionaries.com/us/definition/american_english/best
"better","/ˈbetər/",cmudict,https://www.oxfordlearnersdictionaries.com/us/definition/american_english/better
"between","/bɪˈtwiːn/",cmudict,https://www.oxfordlearnersdictionaries.com/us/definition/american_english/between
"big","/bɪɡ/",cmudict,https://www.oxfordlearnersdictionaries.com/us/definition/american_english/big
"board","/bɔːrd/",cmudict,https://www.oxfordlearnersdictionaries.com/us/definition/american_english/board
"book","/bʊk/",cmudict,https://www.oxfordlearnersdictionaries.com/us/definition/american_english/book
"booked","/bʊkt/",cmudict,https://www.oxfordlearnersdictionaries.com/us/definition/american_english/booked
"books","/bʊks/",cmudict,https://www.oxfordlearnersdictionaries.com/us/definition/american_english/books
"both","/bəʊθ/",cmudict,https://www.oxfordlearnersdictionaries.com/us/definition/american_english/both
"boundaries","/ˈbaʊndəriz/",cmudict,https://www.oxfordlearnersdictionaries.com/us/definition/american_english/boundaries
"break","/breɪk/",cmudict,https://www.oxfordlearnersdictionaries.com/us/definition/american_english/break
"browser","/ˈbraʊzər/",cmudict,https://www.oxfordlearnersdictionaries.com/us/definition/american_english/browser
"build","/bɪld/",cmudict,https://www.oxfordlearnersdictionaries.com/us/definition/american_english/build
"busy","/ˈbɪzi/",cmudict,https://www.oxfordlearnersdictionaries.com/us/definition/american_english/busy
"but","/bʌt/",cmudict,https://www.oxfordlearnersdictionaries.com/us/definition/american_english/but
"buttons","/ˈbʌtənz/",cmudict,https://www.oxfordlearnersdictionaries.com/us/definition/american_english/buttons
"buy","/baɪ/",cmudict,https://www.oxfordlearnersdictionaries.com/us/definition/american_english/buy
"buzzes","/ˈbʌzɪz/",cmudict,https://www.oxfordlearnersdictionaries.com/us/definition/american_english/buzzes
"by","/baɪ/",cmudict,https://www.oxfordlearnersdictionaries.com/us/definition/american_english/by
"call","/kɔːl/",cmudict,https://www.oxfordlearnersdictionaries.com/us/definition/american_english/call
"calm","/kɑːm/",cmudict,https://www.oxfordlearnersdictionaries.com/us/definition/american_english/calm
"calmly","/ˈkɑːmli/",cmudict,https://www.oxfordlearnersdictionaries.com/us/definition/american_english/calmly
"can","/kæn/",cmudict,https://www.oxfordlearnersdictionaries.com/us/definition/american_english/can
"can't","/kænt/",cmudict,https://www.oxfordlearnersdictionaries.com/us/definition/american_english/cant
"cancelled","/ˈkænsəld/",cmudict,https://www.oxfordlearnersdictionaries.com/us/definition/american_english/cancelled
"cannot","/ˈkænɑːt/",cmudict,https://www.oxfordlearnersdictionaries.com/us/definition/american_english/cannot
"captions","/ˈkæpʃənz/",cmudict,https://www.oxfordlearnersdictionaries.com/us/definition/american_english/captions
"card","/kɑːrd/",cmudict,https://www.oxfordlearnersdictionaries.com/us/definition/american_english/card
"care","/ker/",cmudict,https://www.oxfordlearnersdictionaries.com/us/definition/american_english/care
"cared","/kerd/",cmudict,https://www.oxfordlearnersdictionaries.com/us/definition/american_english/cared
"carefully","/ˈkerfəli/",cmudict,https://www.oxfordlearnersdictionaries.com/us/definition/american_english/carefully
"case","/keɪs/",cmudict,https://www.oxfordlearnersdictionaries.com/us/definition/american_english/case
"cases","/ˈkeɪsəz/",cmudict,https://www.oxfordlearnersdictionaries.com/us/definition/american_english/cases
"celebration","/ˌseləˈbreɪʃən/",cmudict,https://www.oxfordlearnersdictionaries.com/us/definition/american_english/celebration
"challenge","/ˈtʃæləndʒ/",cmudict,https://www.oxfordlearnersdictionaries.com/us/definition/american_english/challenge
"change","/tʃeɪndʒ/",cmudict,https://www.oxfordlearnersdictionaries.com/us/definition/american_english/change
"changed","/tʃeɪndʒd/",cmudict,https://www.oxfordlearnersdictionaries.com/us/definition/american_english/changed
"changes","/ˈtʃeɪndʒəz/",cmudict,https://www.oxfordlearnersdictionaries.com/us/definition/american_english/changes
"changing","/ˈtʃeɪndʒɪŋ/",cmudict,https://www.oxfordlearnersdictionaries.com/us/definition/american_english/changing
"chapter","/ˈtʃæptər/",cmudict,https://www.oxfordlearnersdictionaries.com/us/definition/american_english/chapter
"chapters","/ˈtʃæptərz/",cmudict,https://www.oxfordlearnersdictionaries.com/us/definition/american_english/chapters
"chart","/tʃɑːrt/",cmudict,https://www.oxfordlearnersdictionaries.com/us/definition/american_english/chart
"check","/tʃek/",cmudict,https://www.oxfordlearnersdictionaries.com/us/definition/american_english/check
"check-ins","/tʃek ɪnz/",compound,https://www.oxfordlearnersdictionaries.com/us/definition/american_english/check-ins
"checked","/tʃekt/",cmudict,https://www.oxfordlearnersdictionaries.com/us/definition/american_english/checked
"checklist","/ˈtʃeklɪst/",cmudict,https://www.oxfordlearnersdictionaries.com/us/definition/american_english/checklist
"checks","/tʃeks/",cmudict,https://www.oxfordlearnersdictionaries.com/us/definition/american_english/checks
"chemistry","/ˈkeməstri/",cmudict,https://www.oxfordlearnersdictionaries.com/us/definition/american_english/chemistry
"choice","/tʃɔɪs/",cmudict,https://www.oxfordlearnersdictionaries.com/us/definition/american_english/choice
"choices","/ˈtʃɔɪsəz/",cmudict,https://www.oxfordlearnersdictionaries.com/us/definition/american_english/choices
"choose","/tʃuːz/",cmudict,https://www.oxfordlearnersdictionaries.com/us/definition/american_english/choose
"chose","/tʃəʊz/",cmudict,https://www.oxfordlearnersdictionaries.com/us/definition/american_english/chose
"cinematic","/ˌsɪnəˈmætɪk/",cmudict,https://www.oxfordlearnersdictionaries.com/us/definition/american_english/cinematic
"circumstance","/ˈsɜːrkəmstæns/",cmudict,https://www.oxfordlearnersdictionaries.com/us/definition/american_english/circumstance
"cities","/ˈsɪtiz/",cmudict,https://www.oxfordlearnersdictionaries.com/us/definition/american_english/cities
"city","/ˈsɪti/",cmudict,https://www.oxfordlearnersdictionaries.com/us/definition/american_english/city
"claim","/kleɪm/",cmudict,https://www.oxfordlearnersdictionaries.com/us/definition/american_english/claim
"class","/klæs/",cmudict,https://www.oxfordlearnersdictionaries.com/us/definition/american_english/class
"clear","/klɪr/",cmudict,https://www.oxfordlearnersdictionaries.com/us/definition/american_english/clear
"clearly","/ˈklɪrli/",cmudict,https://www.oxfordlearnersdictionaries.com/us/definition/american_english/clearly
"click","/klɪk/",cmudict,https://www.oxfordlearnersdictionaries.com/us/definition/american_english/click
"client","/ˈklaɪənt/",cmudict,https://www.oxfordlearnersdictionaries.com/us/definition/american_english/client
"close","/kləʊz/",override,https://www.oxfordlearnersdictionaries.com/us/definition/american_english/close
"closest","/ˈkləʊsəst/",cmudict,https://www.oxfordlearnersdictionaries.com/us/definition/american_english/closest
"closing","/ˈkləʊzɪŋ/",cmudict,https://www.oxfordlearnersdictionaries.com/us/definition/american_english/closing
"club","/klʌb/",cmudict,https://www.oxfordlearnersdictionaries.com/us/definition/american_english/club
"cold","/kəʊld/",cmudict,https://www.oxfordlearnersdictionaries.com/us/definition/american_english/cold
"come","/kʌm/",cmudict,https://www.oxfordlearnersdictionaries.com/us/definition/american_english/come
"comfort","/ˈkʌmfərt/",cmudict,https://www.oxfordlearnersdictionaries.com/us/definition/american_english/comfort
"comfortable","/ˈkʌmfərtəbl/",cmudict,https://www.oxfordlearnersdictionaries.com/us/definition/american_english/comfortable
"commitment","/kəˈmɪtmənt/",cmudict,https://www.oxfordlearnersdictionaries.com/us/definition/american_english/commitment
"common","/ˈkɑːmən/",cmudict,https://www.oxfordlearnersdictionaries.com/us/definition/american_english/common
"communicate","/kəˈmjuːnəkeɪt/",cmudict,https://www.oxfordlearnersdictionaries.com/us/definition/american_english/communicate
"communicated","/kəˈmjuːnəkeɪtɪd/",cmudict,https://www.oxfordlearnersdictionaries.com/us/definition/american_english/communicated
"communication","/kəˌmjuːnəˈkeɪʃən/",cmudict,https://www.oxfordlearnersdictionaries.com/us/definition/american_english/communication
"compare","/kəmˈper/",cmudict,https://www.oxfordlearnersdictionaries.com/us/definition/american_english/compare
"comparison","/kəmˈperəsn/",cmudict,https://www.oxfordlearnersdictionaries.com/us/definition/american_english/comparison
"compatibility","/kəmˌpætəˈbɪlətiː/",cmudict,https://www.oxfordlearnersdictionaries.com/us/definition/american_english/compatibility
"compatible","/kəmˈpætəbl/",cmudict,https://www.oxfordlearnersdictionaries.com/us/definition/american_english/compatible
"complete","/kəmˈpliːt/",cmudict,https://www.oxfordlearnersdictionaries.com/us/definition/american_english/complete
"completed","/kəmˈpliːtəd/",cmudict,https://www.oxfordlearnersdictionaries.com/us/definition/american_english/completed
"completely","/kəmˈpliːtli/",cmudict,https://www.oxfordlearnersdictionaries.com/us/definition/american_english/completely
"completion","/kəmˈpliːʃən/",cmudict,https://www.oxfordlearnersdictionaries.com/us/definition/american_english/completion
"compromise","/ˈkɑːmprəmaɪz/",cmudict,https://www.oxfordlearnersdictionaries.com/us/definition/american_english/compromise
"computer","/kəmˈpjuːtər/",cmudict,https://www.oxfordlearnersdictionaries.com/us/definition/american_english/computer
"condition","/kənˈdɪʃən/",cmudict,https://www.oxfordlearnersdictionaries.com/us/definition/american_english/condition
"connect","/kəˈnekt/",cmudict,https://www.oxfordlearnersdictionaries.com/us/definition/american_english/connect
"connected","/kəˈnektɪd/",cmudict,https://www.oxfordlearnersdictionaries.com/us/definition/american_english/connected
"connection","/kəˈnekʃən/",cmudict,https://www.oxfordlearnersdictionaries.com/us/definition/american_english/connection
"consistent","/kənˈsɪstənt/",cmudict,https://www.oxfordlearnersdictionaries.com/us/definition/american_english/consistent
"constraints","/kənˈstreɪnts/",cmudict,https://www.oxfordlearnersdictionaries.com/us/definition/american_english/constraints
"contact","/ˈkɑːntækt/",cmudict,https://www.oxfordlearnersdictionaries.com/us/definition/american_english/contact
"continue","/kənˈtɪnjuː/",cmudict,https://www.oxfordlearnersdictionaries.com/us/definition/american_english/continue
"control","/kənˈtrəʊl/",cmudict,https://www.oxfordlearnersdictionaries.com/us/definition/american_english/control
"controls","/kənˈtrəʊlz/",cmudict,https://www.oxfordlearnersdictionaries.com/us/definition/american_english/controls
"conversation","/ˌkɑːnvərˈseɪʃən/",cmudict,https://www.oxfordlearnersdictionaries.com/us/definition/american_english/conversation
"conversations","/ˌkɑːnvərˈseɪʃənz/",cmudict,https://www.oxfordlearnersdictionaries.com/us/definition/american_english/conversations
"copy","/ˈkɑːpi/",cmudict,https://www.oxfordlearnersdictionaries.com/us/definition/american_english/copy
"could","/kʊd/",cmudict,https://www.oxfordlearnersdictionaries.com/us/definition/american_english/could
"country","/ˈkʌntri/",cmudict,https://www.oxfordlearnersdictionaries.com/us/definition/american_english/country
"couple","/ˈkʌpl/",cmudict,https://www.oxfordlearnersdictionaries.com/us/definition/american_english/couple
"course","/kɔːrs/",cmudict,https://www.oxfordlearnersdictionaries.com/us/definition/american_english/course
"create","/kriˈeɪt/",cmudict,https://www.oxfordlearnersdictionaries.com/us/definition/american_english/create
"curiosity","/ˌkjʊriˈɑːsəti/",cmudict,https://www.oxfordlearnersdictionaries.com/us/definition/american_english/curiosity
"curious","/ˈkjʊriəs/",cmudict,https://www.oxfordlearnersdictionaries.com/us/definition/american_english/curious
"daily","/ˈdeɪli/",cmudict,https://www.oxfordlearnersdictionaries.com/us/definition/american_english/daily
"data","/ˈdeɪtə/",cmudict,https://www.oxfordlearnersdictionaries.com/us/definition/american_english/data
"date","/deɪt/",cmudict,https://www.oxfordlearnersdictionaries.com/us/definition/american_english/date
"dating","/ˈdeɪtɪŋ/",cmudict,https://www.oxfordlearnersdictionaries.com/us/definition/american_english/dating
"day","/deɪ/",cmudict,https://www.oxfordlearnersdictionaries.com/us/definition/american_english/day
"days","/deɪz/",cmudict,https://www.oxfordlearnersdictionaries.com/us/definition/american_english/days
"deadline","/ˈdedlaɪn/",cmudict,https://www.oxfordlearnersdictionaries.com/us/definition/american_english/deadline
"debatable","/dəˈbeɪtəbl/",cmudict,https://www.oxfordlearnersdictionaries.com/us/definition/american_english/debatable
"decide","/ˌdɪˈsaɪd/",cmudict,https://www.oxfordlearnersdictionaries.com/us/definition/american_english/decide
"decides","/ˌdɪˈsaɪdz/",cmudict,https://www.oxfordlearnersdictionaries.com/us/definition/american_english/decides
"decision","/dɪˈsɪʒən/",cmudict,https://www.oxfordlearnersdictionaries.com/us/definition/american_english/decision
"dedicated","/ˈdedəkeɪtəd/",cmudict,https://www.oxfordlearnersdictionaries.com/us/definition/american_english/dedicated
"dedication","/ˌdedəˈkeɪʃən/",cmudict,https://www.oxfordlearnersdictionaries.com/us/definition/american_english/dedication
"deep","/diːp/",cmudict,https://www.oxfordlearnersdictionaries.com/us/definition/american_english/deep
"defend","/dɪˈfend/",cmudict,https://www.oxfordlearnersdictionaries.com/us/definition/american_english/defend
"demo","/ˈdeməʊ/",cmudict,https://www.oxfordlearnersdictionaries.com/us/definition/american_english/demo
"depend","/dɪˈpend/",cmudict,https://www.oxfordlearnersdictionaries.com/us/definition/american_english/depend
"depends","/dɪˈpendz/",cmudict,https://www.oxfordlearnersdictionaries.com/us/definition/american_english/depends
"describe","/dɪˈskraɪb/",cmudict,https://www.oxfordlearnersdictionaries.com/us/definition/american_english/describe
"described","/dɪˈskraɪbd/",cmudict,https://www.oxfordlearnersdictionaries.com/us/definition/american_english/described
"desk","/desk/",cmudict,https://www.oxfordlearnersdictionaries.com/us/definition/american_english/desk
"detail","/dɪˈteɪl/",cmudict,https://www.oxfordlearnersdictionaries.com/us/definition/american_english/detail
"details","/dɪˈteɪlz/",cmudict,https://www.oxfordlearnersdictionaries.com/us/definition/american_english/details
"did","/dɪd/",cmudict,https://www.oxfordlearnersdictionaries.com/us/definition/american_english/did
"difference","/ˈdɪfərəns/",cmudict,https://www.oxfordlearnersdictionaries.com/us/definition/american_english/difference
"differences","/ˈdɪfərənsɪz/",cmudict,https://www.oxfordlearnersdictionaries.com/us/definition/american_english/differences
"different","/ˈdɪfərənt/",cmudict,https://www.oxfordlearnersdictionaries.com/us/definition/american_english/different
"differently","/ˈdɪfrəntli/",cmudict,https://www.oxfordlearnersdictionaries.com/us/definition/american_english/differently
"difficult","/ˈdɪfəkəlt/",cmudict,https://www.oxfordlearnersdictionaries.com/us/definition/american_english/difficult
"disagree","/dɪsəˈɡriː/",cmudict,https://www.oxfordlearnersdictionaries.com/us/definition/american_english/disagree
"disagreement","/dɪsəˈɡriːmənt/",cmudict,https://www.oxfordlearnersdictionaries.com/us/definition/american_english/disagreement
"disagrees","/dɪsəˈɡriːz/",cmudict,https://www.oxfordlearnersdictionaries.com/us/definition/american_english/disagrees
"discover","/dɪˈskʌvər/",cmudict,https://www.oxfordlearnersdictionaries.com/us/definition/american_english/discover
"discussion","/dɪˈskʌʃən/",cmudict,https://www.oxfordlearnersdictionaries.com/us/definition/american_english/discussion
"distance","/ˈdɪstəns/",cmudict,https://www.oxfordlearnersdictionaries.com/us/definition/american_english/distance
"do","/duː/",cmudict,https://www.oxfordlearnersdictionaries.com/us/definition/american_english/do
"does","/dʌz/",cmudict,https://www.oxfordlearnersdictionaries.com/us/definition/american_english/does
"done","/dʌn/",cmudict,https://www.oxfordlearnersdictionaries.com/us/definition/american_english/done
"door","/dɔːr/",cmudict,https://www.oxfordlearnersdictionaries.com/us/definition/american_english/door
"doors","/dɔːrz/",cmudict,https://www.oxfordlearnersdictionaries.com/us/definition/american_english/doors
"down","/daʊn/",cmudict,https://www.oxfordlearnersdictionaries.com/us/definition/american_english/down
"draw","/drɔː/",cmudict,https://www.oxfordlearnersdictionaries.com/us/definition/american_english/draw
"dreamed","/driːmd/",cmudict,https://www.oxfordlearnersdictionaries.com/us/definition/american_english/dreamed
"duration","/ˈdʊˈreɪʃən/",cmudict,https://www.oxfordlearnersdictionaries.com/us/definition/american_english/duration
"during","/ˈdʊrɪŋ/",cmudict,https://www.oxfordlearnersdictionaries.com/us/definition/american_english/during
"each","/iːtʃ/",cmudict,https://www.oxfordlearnersdictionaries.com/us/definition/american_english/each
"earlier","/ˈɜːrliər/",cmudict,https://www.oxfordlearnersdictionaries.com/us/definition/american_english/earlier
"early","/ˈɜːrli/",cmudict,https://www.oxfordlearnersdictionaries.com/us/definition/american_english/early
"earn","/ɜːrn/",cmudict,https://www.oxfordlearnersdictionaries.com/us/definition/american_english/earn
"easier","/ˈiːziər/",cmudict,https://www.oxfordlearnersdictionaries.com/us/definition/american_english/easier
"easy","/ˈiːzi/",cmudict,https://www.oxfordlearnersdictionaries.com/us/definition/american_english/easy
"effort","/ˈefərt/",cmudict,https://www.oxfordlearnersdictionaries.com/us/definition/american_english/effort
"eight","/eɪt/",cmudict,https://www.oxfordlearnersdictionaries.com/us/definition/american_english/eight
"eighteen","/eɪˈtiːn/",cmudict,https://www.oxfordlearnersdictionaries.com/us/definition/american_english/eighteen
"elaborate","/ɪˈlæbrət/",cmudict,https://www.oxfordlearnersdictionaries.com/us/definition/american_english/elaborate
"else","/els/",cmudict,https://www.oxfordlearnersdictionaries.com/us/definition/american_english/else
"else's","/ˈelsɪz/",cmudict,https://www.oxfordlearnersdictionaries.com/us/definition/american_english/elses
"email","/iˈmeɪl/",cmudict,https://www.oxfordlearnersdictionaries.com/us/definition/american_english/email
"emotional","/ɪˈməʊʃənl/",cmudict,https://www.oxfordlearnersdictionaries.com/us/definition/american_english/emotional
"emotions","/ɪˈməʊʃənz/",cmudict,https://www.oxfordlearnersdictionaries.com/us/definition/american_english/emotions
"encouragement","/enˈkɜːrɪdʒmənt/",cmudict,https://www.oxfordlearnersdictionaries.com/us/definition/american_english/encouragement
"end","/end/",cmudict,https://www.oxfordlearnersdictionaries.com/us/definition/american_english/end
"ended","/ˈendəd/",cmudict,https://www.oxfordlearnersdictionaries.com/us/definition/american_english/ended
"ends","/endz/",cmudict,https://www.oxfordlearnersdictionaries.com/us/definition/american_english/ends
"enjoy","/ˌenˈdʒɔɪ/",cmudict,https://www.oxfordlearnersdictionaries.com/us/definition/american_english/enjoy
"enjoys","/ˌenˈdʒɔɪz/",cmudict,https://www.oxfordlearnersdictionaries.com/us/definition/american_english/enjoys
"enough","/ɪˈnʌf/",cmudict,https://www.oxfordlearnersdictionaries.com/us/definition/american_english/enough
"even","/ˈiːvɪn/",cmudict,https://www.oxfordlearnersdictionaries.com/us/definition/american_english/even
"evening","/ˈiːvnɪŋ/",cmudict,https://www.oxfordlearnersdictionaries.com/us/definition/american_english/evening
"every","/ˈevəri/",cmudict,https://www.oxfordlearnersdictionaries.com/us/definition/american_english/every
"everyday","/ˈevriˈdeɪ/",cmudict,https://www.oxfordlearnersdictionaries.com/us/definition/american_english/everyday
"everyone","/ˈevriwʌn/",cmudict,https://www.oxfordlearnersdictionaries.com/us/definition/american_english/everyone
"evidence","/ˈevədəns/",cmudict,https://www.oxfordlearnersdictionaries.com/us/definition/american_english/evidence
"exactly","/ɪɡˈzæktli/",cmudict,https://www.oxfordlearnersdictionaries.com/us/definition/american_english/exactly
"example","/ɪɡˈzæmpl/",cmudict,https://www.oxfordlearnersdictionaries.com/us/definition/american_english/example
"examples","/ɪɡˈzæmpəlz/",cmudict,https://www.oxfordlearnersdictionaries.com/us/definition/american_english/examples
"excellent","/ˈeksələnt/",cmudict,https://www.oxfordlearnersdictionaries.com/us/definition/american_english/excellent
"exception","/ɪkˈsepʃən/",cmudict,https://www.oxfordlearnersdictionaries.com/us/definition/american_english/exception
"excited","/ɪkˈsaɪtəd/",cmudict,https://www.oxfordlearnersdictionaries.com/us/definition/american_english/excited
"excitement","/ɪkˈsaɪtmənt/",cmudict,https://www.oxfordlearnersdictionaries.com/us/definition/american_english/excitement
"exciting","/ɪkˈsaɪtɪŋ/",cmudict,https://www.oxfordlearnersdictionaries.com/us/definition/american_english/exciting
"exercise","/ˈeksərsaɪz/",cmudict,https://www.oxfordlearnersdictionaries.com/us/definition/american_english/exercise
"exes","/ˈeksɪz/",cmudict,https://www.oxfordlearnersdictionaries.com/us/definition/american_english/exes
"exit","/ˈeɡzɪt/",cmudict,https://www.oxfordlearnersdictionaries.com/us/definition/american_english/exit
"expect","/ɪkˈspekt/",cmudict,https://www.oxfordlearnersdictionaries.com/us/definition/american_english/expect
"experience","/ɪkˈspɪriəns/",cmudict,https://www.oxfordlearnersdictionaries.com/us/definition/american_english/experience
"experiences","/ɪkˈspɪriənsɪz/",cmudict,https://www.oxfordlearnersdictionaries.com/us/definition/american_english/experiences
"explain","/ɪkˈspleɪn/",cmudict,https://www.oxfordlearnersdictionaries.com/us/definition/american_english/explain
"explains","/ɪkˈspleɪnz/",cmudict,https://www.oxfordlearnersdictionaries.com/us/definition/american_english/explains
"export","/ɪkˈspɔːrt/",override,https://www.oxfordlearnersdictionaries.com/us/definition/american_english/export
"express","/ɪkˈspres/",cmudict,https://www.oxfordlearnersdictionaries.com/us/definition/american_english/express
"expression","/ɪkˈspreʃən/",cmudict,https://www.oxfordlearnersdictionaries.com/us/definition/american_english/expression
"expressions","/ɪkˈspreʃənz/",cmudict,https://www.oxfordlearnersdictionaries.com/us/definition/american_english/expressions
"extension","/ɪkˈstenʃən/",cmudict,https://www.oxfordlearnersdictionaries.com/us/definition/american_english/extension
"face","/feɪs/",cmudict,https://www.oxfordlearnersdictionaries.com/us/definition/american_english/face
"fact","/fækt/",cmudict,https://www.oxfordlearnersdictionaries.com/us/definition/american_english/fact
"facts","/fækts/",cmudict,https://www.oxfordlearnersdictionaries.com/us/definition/american_english/facts
"fades","/feɪdz/",cmudict,https://www.oxfordlearnersdictionaries.com/us/definition/american_english/fades
"family","/ˈfæməli/",cmudict,https://www.oxfordlearnersdictionaries.com/us/definition/american_english/family
"far","/fɑːr/",cmudict,https://www.oxfordlearnersdictionaries.com/us/definition/american_english/far
"favorite","/ˈfeɪvərɪt/",cmudict,https://www.oxfordlearnersdictionaries.com/us/definition/american_english/favorite
"feel","/fiːl/",cmudict,https://www.oxfordlearnersdictionaries.com/us/definition/american_english/feel
"feeling","/ˈfiːlɪŋ/",cmudict,https://www.oxfordlearnersdictionaries.com/us/definition/american_english/feeling
"feels","/fiːlz/",cmudict,https://www.oxfordlearnersdictionaries.com/us/definition/american_english/feels
"felt","/felt/",cmudict,https://www.oxfordlearnersdictionaries.com/us/definition/american_english/felt
"fewer","/ˈfjuːər/",cmudict,https://www.oxfordlearnersdictionaries.com/us/definition/american_english/fewer
"fictional","/ˈfɪkʃənl/",cmudict,https://www.oxfordlearnersdictionaries.com/us/definition/american_english/fictional
"fifteen","/fɪfˈtiːn/",cmudict,https://www.oxfordlearnersdictionaries.com/us/definition/american_english/fifteen
"fifty","/ˈfɪfti/",cmudict,https://www.oxfordlearnersdictionaries.com/us/definition/american_english/fifty
"fifty-two","/ˈfɪfti tuː/",compound,https://www.oxfordlearnersdictionaries.com/us/definition/american_english/fifty-two
"file","/faɪl/",cmudict,https://www.oxfordlearnersdictionaries.com/us/definition/american_english/file
"final","/ˈfaɪnl/",cmudict,https://www.oxfordlearnersdictionaries.com/us/definition/american_english/final
"find","/faɪnd/",cmudict,https://www.oxfordlearnersdictionaries.com/us/definition/american_english/find
"finish","/ˈfɪnɪʃ/",cmudict,https://www.oxfordlearnersdictionaries.com/us/definition/american_english/finish
"first","/fɜːrst/",cmudict,https://www.oxfordlearnersdictionaries.com/us/definition/american_english/first
"five","/faɪv/",cmudict,https://www.oxfordlearnersdictionaries.com/us/definition/american_english/five
"follow","/ˈfɑːləʊ/",cmudict,https://www.oxfordlearnersdictionaries.com/us/definition/american_english/follow
"follow-up","/ˈfɑːləʊ ʌp/",compound,https://www.oxfordlearnersdictionaries.com/us/definition/american_english/follow-up
"follow-ups","/ˈfɑːləʊ ʌps/",compound,https://www.oxfordlearnersdictionaries.com/us/definition/american_english/follow-ups
"fondness","/ˈfɑːndnəs/",cmudict,https://www.oxfordlearnersdictionaries.com/us/definition/american_english/fondness
"for","/fɔːr/",cmudict,https://www.oxfordlearnersdictionaries.com/us/definition/american_english/for
"forty","/ˈfɔːrti/",cmudict,https://www.oxfordlearnersdictionaries.com/us/definition/american_english/forty
"forty-five","/ˈfɔːrti faɪv/",compound,https://www.oxfordlearnersdictionaries.com/us/definition/american_english/forty-five
"forty-seven","/ˈfɔːrti ˈsevən/",compound,https://www.oxfordlearnersdictionaries.com/us/definition/american_english/forty-seven
"four","/fɔːr/",cmudict,https://www.oxfordlearnersdictionaries.com/us/definition/american_english/four
"free","/friː/",cmudict,https://www.oxfordlearnersdictionaries.com/us/definition/american_english/free
"frequent","/ˈfriːkwənt/",cmudict,https://www.oxfordlearnersdictionaries.com/us/definition/american_english/frequent
"friday","/ˈfraɪdi/",cmudict,https://www.oxfordlearnersdictionaries.com/us/definition/american_english/friday
"friend","/frend/",cmudict,https://www.oxfordlearnersdictionaries.com/us/definition/american_english/friend
"friends","/frendz/",cmudict,https://www.oxfordlearnersdictionaries.com/us/definition/american_english/friends
"friendship","/ˈfrendʃɪp/",cmudict,https://www.oxfordlearnersdictionaries.com/us/definition/american_english/friendship
"from","/frʌm/",cmudict,https://www.oxfordlearnersdictionaries.com/us/definition/american_english/from
"full","/fʊl/",cmudict,https://www.oxfordlearnersdictionaries.com/us/definition/american_english/full
"future","/ˈfjuːtʃər/",cmudict,https://www.oxfordlearnersdictionaries.com/us/definition/american_english/future
"gained","/ɡeɪnd/",cmudict,https://www.oxfordlearnersdictionaries.com/us/definition/american_english/gained
"gave","/ɡeɪv/",cmudict,https://www.oxfordlearnersdictionaries.com/us/definition/american_english/gave
"genuine","/ˈdʒenjuɪn/",override,https://www.oxfordlearnersdictionaries.com/us/definition/american_english/genuine
"gesture","/ˈdʒestʃər/",cmudict,https://www.oxfordlearnersdictionaries.com/us/definition/american_english/gesture
"gestures","/ˈdʒestʃərz/",cmudict,https://www.oxfordlearnersdictionaries.com/us/definition/american_english/gestures
"gets","/ɡets/",cmudict,https://www.oxfordlearnersdictionaries.com/us/definition/american_english/gets
"getting","/ˈɡetɪŋ/",cmudict,https://www.oxfordlearnersdictionaries.com/us/definition/american_english/getting
"give","/ɡɪv/",cmudict,https://www.oxfordlearnersdictionaries.com/us/definition/american_english/give
"gives","/ɡɪvz/",cmudict,https://www.oxfordlearnersdictionaries.com/us/definition/american_english/gives
"giving","/ˈɡɪvɪŋ/",cmudict,https://www.oxfordlearnersdictionaries.com/us/definition/american_english/giving
"glad","/ɡlæd/",cmudict,https://www.oxfordlearnersdictionaries.com/us/definition/american_english/glad
"goal","/ɡəʊl/",cmudict,https://www.oxfordlearnersdictionaries.com/us/definition/american_english/goal
"goals","/ɡəʊlz/",cmudict,https://www.oxfordlearnersdictionaries.com/us/definition/american_english/goals
"good","/ɡʊd/",cmudict,https://www.oxfordlearnersdictionaries.com/us/definition/american_english/good
"gradually","/ˈɡrædʒuːəli/",cmudict,https://www.oxfordlearnersdictionaries.com/us/definition/american_english/gradually
"group","/ɡruːp/",cmudict,https://www.oxfordlearnersdictionaries.com/us/definition/american_english/group
"group's","/ɡruːps/",cmudict,https://www.oxfordlearnersdictionaries.com/us/definition/american_english/groups
"grow","/ɡrəʊ/",cmudict,https://www.oxfordlearnersdictionaries.com/us/definition/american_english/grow
"growing","/ˈɡrəʊɪŋ/",cmudict,https://www.oxfordlearnersdictionaries.com/us/definition/american_english/growing
"grows","/ɡrəʊz/",cmudict,https://www.oxfordlearnersdictionaries.com/us/definition/american_english/grows
"growth","/ɡrəʊθ/",cmudict,https://www.oxfordlearnersdictionaries.com/us/definition/american_english/growth
"had","/hæd/",cmudict,https://www.oxfordlearnersdictionaries.com/us/definition/american_english/had
"handle","/ˈhændl/",cmudict,https://www.oxfordlearnersdictionaries.com/us/definition/american_english/handle
"handled","/ˈhændəld/",cmudict,https://www.oxfordlearnersdictionaries.com/us/definition/american_english/handled
"happened","/ˈhæpənd/",cmudict,https://www.oxfordlearnersdictionaries.com/us/definition/american_english/happened
"happy","/ˈhæpi/",cmudict,https://www.oxfordlearnersdictionaries.com/us/definition/american_english/happy
"hard","/hɑːrd/",cmudict,https://www.oxfordlearnersdictionaries.com/us/definition/american_english/hard
"harder","/ˈhɑːrdər/",cmudict,https://www.oxfordlearnersdictionaries.com/us/definition/american_english/harder
"has","/hæz/",cmudict,https://www.oxfordlearnersdictionaries.com/us/definition/american_english/has
"have","/hæv/",cmudict,https://www.oxfordlearnersdictionaries.com/us/definition/american_english/have
"he","/hiː/",cmudict,https://www.oxfordlearnersdictionaries.com/us/definition/american_english/he
"health","/helθ/",cmudict,https://www.oxfordlearnersdictionaries.com/us/definition/american_english/health
"healthier","/ˈhelθiər/",cmudict,https://www.oxfordlearnersdictionaries.com/us/definition/american_english/healthier
"healthy","/ˈhelθi/",cmudict,https://www.oxfordlearnersdictionaries.com/us/definition/american_english/healthy
"hear","/hɪr/",cmudict,https://www.oxfordlearnersdictionaries.com/us/definition/american_english/hear
"heartfelt","/ˈhɑːrtfelt/",cmudict,https://www.oxfordlearnersdictionaries.com/us/definition/american_english/heartfelt
"help","/help/",cmudict,https://www.oxfordlearnersdictionaries.com/us/definition/american_english/help
"helpful","/ˈhelpfl/",cmudict,https://www.oxfordlearnersdictionaries.com/us/definition/american_english/helpful
"helping","/ˈhelpɪŋ/",cmudict,https://www.oxfordlearnersdictionaries.com/us/definition/american_english/helping
"helps","/helps/",cmudict,https://www.oxfordlearnersdictionaries.com/us/definition/american_english/helps
"her","/hɜːr/",cmudict,https://www.oxfordlearnersdictionaries.com/us/definition/american_english/her
"here","/hɪr/",cmudict,https://www.oxfordlearnersdictionaries.com/us/definition/american_english/here
"hide","/haɪd/",cmudict,https://www.oxfordlearnersdictionaries.com/us/definition/american_english/hide
"high","/haɪ/",cmudict,https://www.oxfordlearnersdictionaries.com/us/definition/american_english/high
"his","/hɪz/",cmudict,https://www.oxfordlearnersdictionaries.com/us/definition/american_english/his
"history","/ˈhɪstəri/",cmudict,https://www.oxfordlearnersdictionaries.com/us/definition/american_english/history
"hobbies","/ˈhɑːbiz/",cmudict,https://www.oxfordlearnersdictionaries.com/us/definition/american_english/hobbies
"hobby","/ˈhɑːbi/",cmudict,https://www.oxfordlearnersdictionaries.com/us/definition/american_english/hobby
"honest","/ˈɑːnəst/",cmudict,https://www.oxfordlearnersdictionaries.com/us/definition/american_english/honest
"honestly","/ˈɑːnəstli/",cmudict,https://www.oxfordlearnersdictionaries.com/us/definition/american_english/honestly
"honesty","/ˈɑːnəsti/",cmudict,https://www.oxfordlearnersdictionaries.com/us/definition/american_english/honesty
"hours","/ˈaʊərz/",cmudict,https://www.oxfordlearnersdictionaries.com/us/definition/american_english/hours
"how","/haʊ/",cmudict,https://www.oxfordlearnersdictionaries.com/us/definition/american_english/how
"hugs","/hʌɡz/",cmudict,https://www.oxfordlearnersdictionaries.com/us/definition/american_english/hugs
"humor","/ˈhjuːmər/",cmudict,https://www.oxfordlearnersdictionaries.com/us/definition/american_english/humor
"hurts","/hɜːrts/",cmudict,https://www.oxfordlearnersdictionaries.com/us/definition/american_english/hurts
"hypothetical","/ˌhaɪpəˈθetəkl/",cmudict,https://www.oxfordlearnersdictionaries.com/us/definition/american_english/hypothetical
"i","/aɪ/",cmudict,https://www.oxfordlearnersdictionaries.com/us/definition/american_english/i
"idea","/aɪˈdiːə/",cmudict,https://www.oxfordlearnersdictionaries.com/us/definition/american_english/idea
"ideas","/aɪˈdiːəz/",cmudict,https://www.oxfordlearnersdictionaries.com/us/definition/american_english/ideas
"identical","/aɪˈdentɪkl/",cmudict,https://www.oxfordlearnersdictionaries.com/us/definition/american_english/identical
"if","/ɪf/",cmudict,https://www.oxfordlearnersdictionaries.com/us/definition/american_english/if
"ignored","/ˌɪɡˈnɔːrd/",cmudict,https://www.oxfordlearnersdictionaries.com/us/definition/american_english/ignored
"imaginative","/ˌɪˈmædʒənətɪv/",cmudict,https://www.oxfordlearnersdictionaries.com/us/definition/american_english/imaginative
"imagine","/ˌɪˈmædʒən/",cmudict,https://www.oxfordlearnersdictionaries.com/us/definition/american_english/imagine
"imagined","/ˌɪˈmædʒənd/",cmudict,https://www.oxfordlearnersdictionaries.com/us/definition/american_english/imagined
"immediately","/ˌɪˈmiːdiːətli/",cmudict,https://www.oxfordlearnersdictionaries.com/us/definition/american_english/immediately
"important","/ˌɪmˈpɔːrtənt/",cmudict,https://www.oxfordlearnersdictionaries.com/us/definition/american_english/important
"in","/ɪn/",cmudict,https://www.oxfordlearnersdictionaries.com/us/definition/american_english/in
"include","/ˌɪnˈkluːd/",cmudict,https://www.oxfordlearnersdictionaries.com/us/definition/american_english/include
"inconvenient","/ˌɪnkənˈviːnjənt/",cmudict,https://www.oxfordlearnersdictionaries.com/us/definition/american_english/inconvenient
"independence","/ˌɪndɪˈpendəns/",cmudict,https://www.oxfordlearnersdictionaries.com/us/definition/american_english/independence
"information","/ˌɪnfərˈmeɪʃən/",cmudict,https://www.oxfordlearnersdictionaries.com/us/definition/american_english/information
"initials","/ˌɪˈnɪʃəlz/",cmudict,https://www.oxfordlearnersdictionaries.com/us/definition/american_english/initials
"ins","/ɪnz/",cmudict,https://www.oxfordlearnersdictionaries.com/us/definition/american_english/ins
"interaction","/ˌɪntərˈækʃən/",cmudict,https://www.oxfordlearnersdictionaries.com/us/definition/american_english/interaction
"interests","/ˈɪntrəsts/",cmudict,https://www.oxfordlearnersdictionaries.com/us/definition/american_english/interests
"interpretation","/ɪnˌtɜːrprɪˈteɪʃən/",cmudict,https://www.oxfordlearnersdictionaries.com/us/definition/american_english/interpretation
"interpretations","/ɪnˌtɜːrprɪˈteɪʃənz/",cmudict,https://www.oxfordlearnersdictionaries.com/us/definition/american_english/interpretations
"invest","/ˌɪnˈvest/",cmudict,https://www.oxfordlearnersdictionaries.com/us/definition/american_english/invest
"is","/ɪz/",cmudict,https://www.oxfordlearnersdictionaries.com/us/definition/american_english/is
"it","/ɪt/",cmudict,https://www.oxfordlearnersdictionaries.com/us/definition/american_english/it
"items","/ˈaɪtəmz/",cmudict,https://www.oxfordlearnersdictionaries.com/us/definition/american_english/items
"itself","/ˌɪtˈself/",cmudict,https://www.oxfordlearnersdictionaries.com/us/definition/american_english/itself
"job","/dʒɑːb/",cmudict,https://www.oxfordlearnersdictionaries.com/us/definition/american_english/job
"judge","/dʒʌdʒ/",cmudict,https://www.oxfordlearnersdictionaries.com/us/definition/american_english/judge
"keep","/kiːp/",cmudict,https://www.oxfordlearnersdictionaries.com/us/definition/american_english/keep
"keeping","/ˈkiːpɪŋ/",cmudict,https://www.oxfordlearnersdictionaries.com/us/definition/american_english/keeping
"keeps","/kiːps/",cmudict,https://www.oxfordlearnersdictionaries.com/us/definition/american_english/keeps
"kept","/kept/",cmudict,https://www.oxfordlearnersdictionaries.com/us/definition/american_english/kept
"kind","/kaɪnd/",cmudict,https://www.oxfordlearnersdictionaries.com/us/definition/american_english/kind
"kindness","/ˈkaɪndnəs/",cmudict,https://www.oxfordlearnersdictionaries.com/us/definition/american_english/kindness
"knew","/nuː/",cmudict,https://www.oxfordlearnersdictionaries.com/us/definition/american_english/knew
"know","/nəʊ/",cmudict,https://www.oxfordlearnersdictionaries.com/us/definition/american_english/know
"knowing","/ˈnəʊɪŋ/",cmudict,https://www.oxfordlearnersdictionaries.com/us/definition/american_english/knowing
"labeled","/ˈleɪbəld/",cmudict,https://www.oxfordlearnersdictionaries.com/us/definition/american_english/labeled
"language","/ˈlæŋɡwədʒ/",cmudict,https://www.oxfordlearnersdictionaries.com/us/definition/american_english/language
"last","/læst/",cmudict,https://www.oxfordlearnersdictionaries.com/us/definition/american_english/last
"lasted","/ˈlæstəd/",cmudict,https://www.oxfordlearnersdictionaries.com/us/definition/american_english/lasted
"lasts","/læsts/",cmudict,https://www.oxfordlearnersdictionaries.com/us/definition/american_english/lasts
"later","/ˈleɪtər/",cmudict,https://www.oxfordlearnersdictionaries.com/us/definition/american_english/later
"laughing","/ˈlæfɪŋ/",cmudict,https://www.oxfordlearnersdictionaries.com/us/definition/american_english/laughing
"lease","/liːs/",cmudict,https://www.oxfordlearnersdictionaries.com/us/definition/american_english/lease
"left","/left/",cmudict,https://www.oxfordlearnersdictionaries.com/us/definition/american_english/left
"length","/leŋkθ/",cmudict,https://www.oxfordlearnersdictionaries.com/us/definition/american_english/length
"less","/les/",cmudict,https://www.oxfordlearnersdictionaries.com/us/definition/american_english/less
"lesson","/ˈlesn/",cmudict,https://www.oxfordlearnersdictionaries.com/us/definition/american_english/lesson
"let","/let/",cmudict,https://www.oxfordlearnersdictionaries.com/us/definition/american_english/let
"let's","/lets/",cmudict,https://www.oxfordlearnersdictionaries.com/us/definition/american_english/lets
"letter","/ˈletər/",cmudict,https://www.oxfordlearnersdictionaries.com/us/definition/american_english/letter
"letters","/ˈletərz/",cmudict,https://www.oxfordlearnersdictionaries.com/us/definition/american_english/letters
"letting","/ˈletɪŋ/",cmudict,https://www.oxfordlearnersdictionaries.com/us/definition/american_english/letting
"life","/laɪf/",cmudict,https://www.oxfordlearnersdictionaries.com/us/definition/american_english/life
"like","/laɪk/",cmudict,https://www.oxfordlearnersdictionaries.com/us/definition/american_english/like
"likes","/laɪks/",cmudict,https://www.oxfordlearnersdictionaries.com/us/definition/american_english/likes
"limits","/ˈlɪməts/",cmudict,https://www.oxfordlearnersdictionaries.com/us/definition/american_english/limits
"listen","/ˈlɪsn/",cmudict,https://www.oxfordlearnersdictionaries.com/us/definition/american_english/listen
"little","/ˈlɪtl/",cmudict,https://www.oxfordlearnersdictionaries.com/us/definition/american_english/little
"live","/lɪv/",override,https://www.oxfordlearnersdictionaries.com/us/definition/american_english/live
"lives","/laɪvz/",override,https://www.oxfordlearnersdictionaries.com/us/definition/american_english/lives
"living","/ˈlɪvɪŋ/",cmudict,https://www.oxfordlearnersdictionaries.com/us/definition/american_english/living
"lock","/lɑːk/",cmudict,https://www.oxfordlearnersdictionaries.com/us/definition/american_english/lock
"long","/lɔːŋ/",cmudict,https://www.oxfordlearnersdictionaries.com/us/definition/american_english/long
"long-distance","/lɔːŋ ˈdɪstəns/",compound,https://www.oxfordlearnersdictionaries.com/us/definition/american_english/long-distance
"longer","/ˈlɔːŋɡər/",cmudict,https://www.oxfordlearnersdictionaries.com/us/definition/american_english/longer
"look","/lʊk/",cmudict,https://www.oxfordlearnersdictionaries.com/us/definition/american_english/look
"lose","/luːz/",cmudict,https://www.oxfordlearnersdictionaries.com/us/definition/american_english/lose
"lost","/lɔːst/",cmudict,https://www.oxfordlearnersdictionaries.com/us/definition/american_english/lost
"lot","/lɑːt/",cmudict,https://www.oxfordlearnersdictionaries.com/us/definition/american_english/lot
"love","/lʌv/",cmudict,https://www.oxfordlearnersdictionaries.com/us/definition/american_english/love
"loves","/lʌvz/",cmudict,https://www.oxfordlearnersdictionaries.com/us/definition/american_english/loves
"made","/meɪd/",cmudict,https://www.oxfordlearnersdictionaries.com/us/definition/american_english/made
"make","/meɪk/",cmudict,https://www.oxfordlearnersdictionaries.com/us/definition/american_english/make
"makes","/meɪks/",cmudict,https://www.oxfordlearnersdictionaries.com/us/definition/american_english/makes
"making","/ˈmeɪkɪŋ/",cmudict,https://www.oxfordlearnersdictionaries.com/us/definition/american_english/making
"manager","/ˈmænədʒər/",cmudict,https://www.oxfordlearnersdictionaries.com/us/definition/american_english/manager
"many","/ˈmeni/",cmudict,https://www.oxfordlearnersdictionaries.com/us/definition/american_english/many
"marker","/ˈmɑːrkər/",cmudict,https://www.oxfordlearnersdictionaries.com/us/definition/american_english/marker
"markers","/ˈmɑːrkərz/",cmudict,https://www.oxfordlearnersdictionaries.com/us/definition/american_english/markers
"match","/mætʃ/",cmudict,https://www.oxfordlearnersdictionaries.com/us/definition/american_english/match
"matter","/ˈmætər/",cmudict,https://www.oxfordlearnersdictionaries.com/us/definition/american_english/matter
"mattered","/ˈmætərd/",cmudict,https://www.oxfordlearnersdictionaries.com/us/definition/american_english/mattered
"matters","/ˈmætərz/",cmudict,https://www.oxfordlearnersdictionaries.com/us/definition/american_english/matters
"may","/meɪ/",cmudict,https://www.oxfordlearnersdictionaries.com/us/definition/american_english/may
"maya","/ˈmaɪə/",override,https://www.oxfordlearnersdictionaries.com/us/definition/american_english/maya
"maya's","/ˈmaɪəz/",cmudict+s,https://www.oxfordlearnersdictionaries.com/us/definition/american_english/mayas
"me","/miː/",cmudict,https://www.oxfordlearnersdictionaries.com/us/definition/american_english/me
"mean","/miːn/",cmudict,https://www.oxfordlearnersdictionaries.com/us/definition/american_english/mean
"meaning","/ˈmiːnɪŋ/",cmudict,https://www.oxfordlearnersdictionaries.com/us/definition/american_english/meaning
"means","/miːnz/",cmudict,https://www.oxfordlearnersdictionaries.com/us/definition/american_english/means
"measure","/ˈmeʒər/",cmudict,https://www.oxfordlearnersdictionaries.com/us/definition/american_english/measure
"memories","/ˈmeməriz/",cmudict,https://www.oxfordlearnersdictionaries.com/us/definition/american_english/memories
"message","/ˈmesədʒ/",cmudict,https://www.oxfordlearnersdictionaries.com/us/definition/american_english/message
"messages","/ˈmesədʒəz/",cmudict,https://www.oxfordlearnersdictionaries.com/us/definition/american_english/messages
"middle","/ˈmɪdl/",cmudict,https://www.oxfordlearnersdictionaries.com/us/definition/american_english/middle
"might","/maɪt/",cmudict,https://www.oxfordlearnersdictionaries.com/us/definition/american_english/might
"min","/mɪn/",cmudict,https://www.oxfordlearnersdictionaries.com/us/definition/american_english/min
"mind","/maɪnd/",cmudict,https://www.oxfordlearnersdictionaries.com/us/definition/american_english/mind
"mini","/ˈmɪni/",cmudict,https://www.oxfordlearnersdictionaries.com/us/definition/american_english/mini
"mini-scene","/ˈmɪni siːn/",compound,https://www.oxfordlearnersdictionaries.com/us/definition/american_english/mini-scene
"minutes","/ˈmɪnɪts/",override,https://www.oxfordlearnersdictionaries.com/us/definition/american_english/minutes
"miss","/mɪs/",cmudict,https://www.oxfordlearnersdictionaries.com/us/definition/american_english/miss
"missed","/mɪst/",cmudict,https://www.oxfordlearnersdictionaries.com/us/definition/american_english/missed
"missing","/ˈmɪsɪŋ/",cmudict,https://www.oxfordlearnersdictionaries.com/us/definition/american_english/missing
"mistreated","/mɪˈstriːtɪd/",cmudict,https://www.oxfordlearnersdictionaries.com/us/definition/american_english/mistreated
"mistreatment","/mɪˈstriːtmənt/",cmudict,https://www.oxfordlearnersdictionaries.com/us/definition/american_english/mistreatment
"misunderstand","/ˌmɪsəndərˈstænd/",cmudict,https://www.oxfordlearnersdictionaries.com/us/definition/american_english/misunderstand
"misunderstanding","/ˌmɪsəndərˈstændɪŋ/",cmudict,https://www.oxfordlearnersdictionaries.com/us/definition/american_english/misunderstanding
"mode","/məʊd/",cmudict,https://www.oxfordlearnersdictionaries.com/us/definition/american_english/mode
"moment","/ˈməʊmənt/",cmudict,https://www.oxfordlearnersdictionaries.com/us/definition/american_english/moment
"moments","/ˈməʊmənts/",cmudict,https://www.oxfordlearnersdictionaries.com/us/definition/american_english/moments
"money","/ˈmʌni/",cmudict,https://www.oxfordlearnersdictionaries.com/us/definition/american_english/money
"month","/mʌnθ/",cmudict,https://www.oxfordlearnersdictionaries.com/us/definition/american_english/month
"months","/mʌnθs/",cmudict,https://www.oxfordlearnersdictionaries.com/us/definition/american_english/months
"more","/mɔːr/",cmudict,https://www.oxfordlearnersdictionaries.com/us/definition/american_english/more
"morning","/ˈmɔːrnɪŋ/",cmudict,https://www.oxfordlearnersdictionaries.com/us/definition/american_english/morning
"most","/məʊst/",cmudict,https://www.oxfordlearnersdictionaries.com/us/definition/american_english/most
"motion","/ˈməʊʃən/",cmudict,https://www.oxfordlearnersdictionaries.com/us/definition/american_english/motion
"motivate","/ˈməʊtəveɪt/",cmudict,https://www.oxfordlearnersdictionaries.com/us/definition/american_english/motivate
"move","/muːv/",cmudict,https://www.oxfordlearnersdictionaries.com/us/definition/american_english/move
"moved","/muːvd/",cmudict,https://www.oxfordlearnersdictionaries.com/us/definition/american_english/moved
"moves","/muːvz/",cmudict,https://www.oxfordlearnersdictionaries.com/us/definition/american_english/moves
"much","/mʌtʃ/",cmudict,https://www.oxfordlearnersdictionaries.com/us/definition/american_english/much
"music","/ˈmjuːzɪk/",cmudict,https://www.oxfordlearnersdictionaries.com/us/definition/american_english/music
"my","/maɪ/",cmudict,https://www.oxfordlearnersdictionaries.com/us/definition/american_english/my
"name","/neɪm/",cmudict,https://www.oxfordlearnersdictionaries.com/us/definition/american_english/name
"names","/neɪmz/",cmudict,https://www.oxfordlearnersdictionaries.com/us/definition/american_english/names
"narration","/neˈreɪʃən/",cmudict,https://www.oxfordlearnersdictionaries.com/us/definition/american_english/narration
"narrator","/ˈnereɪtər/",cmudict,https://www.oxfordlearnersdictionaries.com/us/definition/american_english/narrator
"need","/niːd/",cmudict,https://www.oxfordlearnersdictionaries.com/us/definition/american_english/need
"needs","/niːdz/",cmudict,https://www.oxfordlearnersdictionaries.com/us/definition/american_english/needs
"negotiate","/nəˈɡəʊʃieɪt/",cmudict,https://www.oxfordlearnersdictionaries.com/us/definition/american_english/negotiate
"negotiation","/nɪˌɡəʊʃiˈeɪʃən/",cmudict,https://www.oxfordlearnersdictionaries.com/us/definition/american_english/negotiation
"neither","/ˈniːðər/",cmudict,https://www.oxfordlearnersdictionaries.com/us/definition/american_english/neither
"nervous","/ˈnɜːrvəs/",cmudict,https://www.oxfordlearnersdictionaries.com/us/definition/american_english/nervous
"never","/ˈnevər/",cmudict,https://www.oxfordlearnersdictionaries.com/us/definition/american_english/never
"new","/nuː/",cmudict,https://www.oxfordlearnersdictionaries.com/us/definition/american_english/new
"next","/nekst/",cmudict,https://www.oxfordlearnersdictionaries.com/us/definition/american_english/next
"night","/naɪt/",cmudict,https://www.oxfordlearnersdictionaries.com/us/definition/american_english/night
"nine","/naɪn/",cmudict,https://www.oxfordlearnersdictionaries.com/us/definition/american_english/nine
"no","/nəʊ/",cmudict,https://www.oxfordlearnersdictionaries.com/us/definition/american_english/no
"nora","/ˈnɔːrə/",override,https://www.oxfordlearnersdictionaries.com/us/definition/american_english/nora
"not","/nɑːt/",cmudict,https://www.oxfordlearnersdictionaries.com/us/definition/american_english/not
"note","/nəʊt/",cmudict,https://www.oxfordlearnersdictionaries.com/us/definition/american_english/note
"notes","/nəʊts/",cmudict,https://www.oxfordlearnersdictionaries.com/us/definition/american_english/notes
"nothing","/ˈnʌθɪŋ/",cmudict,https://www.oxfordlearnersdictionaries.com/us/definition/american_english/nothing
"notice","/ˈnəʊtəs/",cmudict,https://www.oxfordlearnersdictionaries.com/us/definition/american_english/notice
"noticed","/ˈnəʊtəst/",cmudict,https://www.oxfordlearnersdictionaries.com/us/definition/american_english/noticed
"noun","/naʊn/",cmudict,https://www.oxfordlearnersdictionaries.com/us/definition/american_english/noun
"now","/naʊ/",cmudict,https://www.oxfordlearnersdictionaries.com/us/definition/american_english/now
"number","/ˈnʌmbər/",cmudict,https://www.oxfordlearnersdictionaries.com/us/definition/american_english/number
"numbers","/ˈnʌmbərz/",cmudict,https://www.oxfordlearnersdictionaries.com/us/definition/american_english/numbers
"o'clock","/əˈklɑːk/",cmudict,https://www.oxfordlearnersdictionaries.com/us/definition/american_english/oclock
"observers","/əbˈzɜːrvərz/",cmudict,https://www.oxfordlearnersdictionaries.com/us/definition/american_english/observers
"of","/əv/",override,https://www.oxfordlearnersdictionaries.com/us/definition/american_english/of
"off","/ɔːf/",cmudict,https://www.oxfordlearnersdictionaries.com/us/definition/american_english/off
"offer","/ˈɔːfər/",cmudict,https://www.oxfordlearnersdictionaries.com/us/definition/american_english/offer
"offers","/ˈɔːfərz/",cmudict,https://www.oxfordlearnersdictionaries.com/us/definition/american_english/offers
"offs","/ɔːfs/",cmudict,https://www.oxfordlearnersdictionaries.com/us/definition/american_english/offs
"on","/ɑːn/",cmudict,https://www.oxfordlearnersdictionaries.com/us/definition/american_english/on
"one","/wʌn/",cmudict,https://www.oxfordlearnersdictionaries.com/us/definition/american_english/one
"ones","/wʌnz/",cmudict,https://www.oxfordlearnersdictionaries.com/us/definition/american_english/ones
"only","/ˈəʊnli/",cmudict,https://www.oxfordlearnersdictionaries.com/us/definition/american_english/only
"open","/ˈəʊpən/",cmudict,https://www.oxfordlearnersdictionaries.com/us/definition/american_english/open
"opening","/ˈəʊpənɪŋ/",cmudict,https://www.oxfordlearnersdictionaries.com/us/definition/american_english/opening
"openly","/ˈəʊpənli/",cmudict,https://www.oxfordlearnersdictionaries.com/us/definition/american_english/openly
"operates","/ˈɑːpəreɪts/",cmudict,https://www.oxfordlearnersdictionaries.com/us/definition/american_english/operates
"opinion","/əˈpɪnjən/",cmudict,https://www.oxfordlearnersdictionaries.com/us/definition/american_english/opinion
"opinions","/əˈpɪnjənz/",cmudict,https://www.oxfordlearnersdictionaries.com/us/definition/american_english/opinions
"opposite","/ˈɑːpəzət/",cmudict,https://www.oxfordlearnersdictionaries.com/us/definition/american_english/opposite
"optional","/ˈɑːpʃənl/",cmudict,https://www.oxfordlearnersdictionaries.com/us/definition/american_english/optional
"or","/ɔːr/",cmudict,https://www.oxfordlearnersdictionaries.com/us/definition/american_english/or
"ordinary","/ˈɔːrdəneri/",cmudict,https://www.oxfordlearnersdictionaries.com/us/definition/american_english/ordinary
"original","/ərˈɪdʒənl/",cmudict,https://www.oxfordlearnersdictionaries.com/us/definition/american_english/original
"other","/ˈʌðər/",cmudict,https://www.oxfordlearnersdictionaries.com/us/definition/american_english/other
"other's","/ˈʌðərz/",cmudict,https://www.oxfordlearnersdictionaries.com/us/definition/american_english/others
"others","/ˈʌðərz/",cmudict,https://www.oxfordlearnersdictionaries.com/us/definition/american_english/others
"our","/ˈaʊər/",cmudict,https://www.oxfordlearnersdictionaries.com/us/definition/american_english/our
"out","/aʊt/",cmudict,https://www.oxfordlearnersdictionaries.com/us/definition/american_english/out
"over","/ˈəʊvər/",cmudict,https://www.oxfordlearnersdictionaries.com/us/definition/american_english/over
"owl","/aʊl/",cmudict,https://www.oxfordlearnersdictionaries.com/us/definition/american_english/owl
"own","/əʊn/",cmudict,https://www.oxfordlearnersdictionaries.com/us/definition/american_english/own
"pair","/per/",cmudict,https://www.oxfordlearnersdictionaries.com/us/definition/american_english/pair
"pairs","/perz/",cmudict,https://www.oxfordlearnersdictionaries.com/us/definition/american_english/pairs
"part","/pɑːrt/",cmudict,https://www.oxfordlearnersdictionaries.com/us/definition/american_english/part
"participation","/pɑːrˌtɪsəˈpeɪʃən/",cmudict,https://www.oxfordlearnersdictionaries.com/us/definition/american_english/participation
"partner","/ˈpɑːrtnər/",cmudict,https://www.oxfordlearnersdictionaries.com/us/definition/american_english/partner
"partner's","/ˈpɑːrtnərz/",cmudict,https://www.oxfordlearnersdictionaries.com/us/definition/american_english/partners
"partners","/ˈpɑːrtnərz/",cmudict,https://www.oxfordlearnersdictionaries.com/us/definition/american_english/partners
"pass","/pæs/",cmudict,https://www.oxfordlearnersdictionaries.com/us/definition/american_english/pass
"past","/pæst/",cmudict,https://www.oxfordlearnersdictionaries.com/us/definition/american_english/past
"patience","/ˈpeɪʃəns/",cmudict,https://www.oxfordlearnersdictionaries.com/us/definition/american_english/patience
"pause","/pɔːz/",cmudict,https://www.oxfordlearnersdictionaries.com/us/definition/american_english/pause
"paying","/ˈpeɪɪŋ/",cmudict,https://www.oxfordlearnersdictionaries.com/us/definition/american_english/paying
"people","/ˈpiːpl/",cmudict,https://www.oxfordlearnersdictionaries.com/us/definition/american_english/people
"person","/ˈpɜːrsn/",cmudict,https://www.oxfordlearnersdictionaries.com/us/definition/american_english/person
"person's","/ˈpɜːrsənz/",cmudict,https://www.oxfordlearnersdictionaries.com/us/definition/american_english/persons
"personal","/ˈpɜːrsɪnl/",cmudict,https://www.oxfordlearnersdictionaries.com/us/definition/american_english/personal
"personalities","/ˌpɜːrsəˈnælɪtiz/",cmudict,https://www.oxfordlearnersdictionaries.com/us/definition/american_english/personalities
"perspectives","/pərˈspektɪvz/",cmudict,https://www.oxfordlearnersdictionaries.com/us/definition/american_english/perspectives
"phone","/fəʊn/",cmudict,https://www.oxfordlearnersdictionaries.com/us/definition/american_english/phone
"phrasal","/ˈfreɪzl/",override,https://www.oxfordlearnersdictionaries.com/us/definition/american_english/phrasal
"phrases","/ˈfreɪzəz/",cmudict,https://www.oxfordlearnersdictionaries.com/us/definition/american_english/phrases
"pick","/pɪk/",cmudict,https://www.oxfordlearnersdictionaries.com/us/definition/american_english/pick
"piece","/piːs/",cmudict,https://www.oxfordlearnersdictionaries.com/us/definition/american_english/piece
"placed","/pleɪst/",cmudict,https://www.oxfordlearnersdictionaries.com/us/definition/american_english/placed
"plan","/plæn/",cmudict,https://www.oxfordlearnersdictionaries.com/us/definition/american_english/plan
"planned","/plænd/",cmudict,https://www.oxfordlearnersdictionaries.com/us/definition/american_english/planned
"plans","/plænz/",cmudict,https://www.oxfordlearnersdictionaries.com/us/definition/american_english/plans
"play","/pleɪ/",cmudict,https://www.oxfordlearnersdictionaries.com/us/definition/american_english/play
"plays","/pleɪz/",cmudict,https://www.oxfordlearnersdictionaries.com/us/definition/american_english/plays
"please","/pliːz/",cmudict,https://www.oxfordlearnersdictionaries.com/us/definition/american_english/please
"point","/pɔɪnt/",cmudict,https://www.oxfordlearnersdictionaries.com/us/definition/american_english/point
"polite","/pəˈlaɪt/",cmudict,https://www.oxfordlearnersdictionaries.com/us/definition/american_english/polite
"politely","/pəˈlaɪtli/",cmudict,https://www.oxfordlearnersdictionaries.com/us/definition/american_english/politely
"position","/pəˈzɪʃən/",cmudict,https://www.oxfordlearnersdictionaries.com/us/definition/american_english/position
"possibilities","/ˌpɑːsəˈbɪlətiz/",cmudict,https://www.oxfordlearnersdictionaries.com/us/definition/american_english/possibilities
"possible","/ˈpɑːsəbl/",cmudict,https://www.oxfordlearnersdictionaries.com/us/definition/american_english/possible
"practical","/ˈpræktəkl/",cmudict,https://www.oxfordlearnersdictionaries.com/us/definition/american_english/practical
"practice","/ˈpræktəs/",cmudict,https://www.oxfordlearnersdictionaries.com/us/definition/american_english/practice
"preferences","/ˈprefərənsɪz/",cmudict,https://www.oxfordlearnersdictionaries.com/us/definition/american_english/preferences
"prefers","/prəˈfɜːrz/",cmudict,https://www.oxfordlearnersdictionaries.com/us/definition/american_english/prefers
"priorities","/praɪˈɔːrətiz/",cmudict,https://www.oxfordlearnersdictionaries.com/us/definition/american_english/priorities
"prioritize","/praɪˈɔːrətaɪz/",cmudict,https://www.oxfordlearnersdictionaries.com/us/definition/american_english/prioritize
"private","/ˈpraɪvət/",cmudict,https://www.oxfordlearnersdictionaries.com/us/definition/american_english/private
"problem","/ˈprɑːbləm/",cmudict,https://www.oxfordlearnersdictionaries.com/us/definition/american_english/problem
"problems","/ˈprɑːbləmz/",cmudict,https://www.oxfordlearnersdictionaries.com/us/definition/american_english/problems
"promise","/ˈprɑːməs/",cmudict,https://www.oxfordlearnersdictionaries.com/us/definition/american_english/promise
"promised","/ˈprɑːməst/",cmudict,https://www.oxfordlearnersdictionaries.com/us/definition/american_english/promised
"prompt","/prɑːmpt/",cmudict,https://www.oxfordlearnersdictionaries.com/us/definition/american_english/prompt
"pronunciation","/prəʊˌnʌnsiˈeɪʃən/",cmudict,https://www.oxfordlearnersdictionaries.com/us/definition/american_english/pronunciation
"proposal","/prəˈpəʊzl/",cmudict,https://www.oxfordlearnersdictionaries.com/us/definition/american_english/proposal
"proposals","/prəˈpəʊzəlz/",cmudict,https://www.oxfordlearnersdictionaries.com/us/definition/american_english/proposals
"propose","/prəˈpəʊz/",cmudict,https://www.oxfordlearnersdictionaries.com/us/definition/american_english/propose
"qualities","/ˈkwɑːlətiz/",cmudict,https://www.oxfordlearnersdictionaries.com/us/definition/american_english/qualities
"quality","/ˈkwɑːləti/",cmudict,https://www.oxfordlearnersdictionaries.com/us/definition/american_english/quality
"question","/ˈkwestʃən/",cmudict,https://www.oxfordlearnersdictionaries.com/us/definition/american_english/question
"questions","/ˈkwestʃənz/",cmudict,https://www.oxfordlearnersdictionaries.com/us/definition/american_english/questions
"quiet","/ˈkwaɪət/",cmudict,https://www.oxfordlearnersdictionaries.com/us/definition/american_english/quiet
"ranking","/ˈræŋkɪŋ/",cmudict,https://www.oxfordlearnersdictionaries.com/us/definition/american_english/ranking
"rather","/ˈræðər/",cmudict,https://www.oxfordlearnersdictionaries.com/us/definition/american_english/rather
"reads","/riːdz/",cmudict,https://www.oxfordlearnersdictionaries.com/us/definition/american_english/reads
"real","/riːl/",cmudict,https://www.oxfordlearnersdictionaries.com/us/definition/american_english/real
"realize","/ˈriːəlaɪz/",cmudict,https://www.oxfordlearnersdictionaries.com/us/definition/american_english/realize
"reason","/ˈriːzn/",cmudict,https://www.oxfordlearnersdictionaries.com/us/definition/american_english/reason
"reasonable","/ˈriːzənəbl/",cmudict,https://www.oxfordlearnersdictionaries.com/us/definition/american_english/reasonable
"reasons","/ˈriːzənz/",cmudict,https://www.oxfordlearnersdictionaries.com/us/definition/american_english/reasons
"rebuild","/riˈbɪld/",cmudict,https://www.oxfordlearnersdictionaries.com/us/definition/american_english/rebuild
"receives","/rəˈsiːvz/",cmudict,https://www.oxfordlearnersdictionaries.com/us/definition/american_english/receives
"recently","/ˈriːsəntli/",cmudict,https://www.oxfordlearnersdictionaries.com/us/definition/american_english/recently
"recognize","/ˈrekəɡnaɪz/",cmudict,https://www.oxfordlearnersdictionaries.com/us/definition/american_english/recognize
"recommend","/ˌrekəˈmend/",cmudict,https://www.oxfordlearnersdictionaries.com/us/definition/american_english/recommend
"reconsider","/ˌriːkənˈsɪdər/",cmudict,https://www.oxfordlearnersdictionaries.com/us/definition/american_english/reconsider
"reconsidered","/ˌriːkənˈsɪdərd/",cmudict,https://www.oxfordlearnersdictionaries.com/us/definition/american_english/reconsidered
"record","/rəˈkɔːrd/",cmudict,https://www.oxfordlearnersdictionaries.com/us/definition/american_english/record
"record~n","/ˈrekərd/",override,https://www.oxfordlearnersdictionaries.com/us/definition/american_english/record~n
"recorded","/rəˈkɔːrdɪd/",cmudict,https://www.oxfordlearnersdictionaries.com/us/definition/american_english/recorded
"records","/rəˈkɔːrdz/",cmudict,https://www.oxfordlearnersdictionaries.com/us/definition/american_english/records
"redistribute","/ˌriːdɪˈstrɪbjuːt/",cmudict,https://www.oxfordlearnersdictionaries.com/us/definition/american_english/redistribute
"reduce","/rəˈduːs/",cmudict,https://www.oxfordlearnersdictionaries.com/us/definition/american_english/reduce
"reduced","/rəˈduːst/",cmudict,https://www.oxfordlearnersdictionaries.com/us/definition/american_english/reduced
"relationship","/riˈleɪʃənʃɪp/",cmudict,https://www.oxfordlearnersdictionaries.com/us/definition/american_english/relationship
"relationships","/riˈleɪʃənʃɪps/",cmudict,https://www.oxfordlearnersdictionaries.com/us/definition/american_english/relationships
"relevant","/ˈreləvənt/",cmudict,https://www.oxfordlearnersdictionaries.com/us/definition/american_english/relevant
"reliability","/riˌlaɪəˈbɪləti/",cmudict,https://www.oxfordlearnersdictionaries.com/us/definition/american_english/reliability
"remain","/rɪˈmeɪn/",cmudict,https://www.oxfordlearnersdictionaries.com/us/definition/american_english/remain
"remember","/rɪˈmembər/",cmudict,https://www.oxfordlearnersdictionaries.com/us/definition/american_english/remember
"remembered","/rɪˈmembərd/",cmudict,https://www.oxfordlearnersdictionaries.com/us/definition/american_english/remembered
"remembering","/rɪˈmembərɪŋ/",cmudict,https://www.oxfordlearnersdictionaries.com/us/definition/american_english/remembering
"remembers","/rɪˈmembərz/",cmudict,https://www.oxfordlearnersdictionaries.com/us/definition/american_english/remembers
"remotely","/riˈməʊtli/",cmudict,https://www.oxfordlearnersdictionaries.com/us/definition/american_english/remotely
"remove","/riˈmuːv/",cmudict,https://www.oxfordlearnersdictionaries.com/us/definition/american_english/remove
"replay","/riˈpleɪ/",cmudict,https://www.oxfordlearnersdictionaries.com/us/definition/american_english/replay
"report","/riˈpɔːrt/",cmudict,https://www.oxfordlearnersdictionaries.com/us/definition/american_english/report
"require","/ˌriːˈkwaɪər/",cmudict,https://www.oxfordlearnersdictionaries.com/us/definition/american_english/require
"requires","/riˈkwaɪərz/",cmudict,https://www.oxfordlearnersdictionaries.com/us/definition/american_english/requires
"reset","/riˈset/",cmudict,https://www.oxfordlearnersdictionaries.com/us/definition/american_english/reset
"resolve","/riˈzɑːlv/",cmudict,https://www.oxfordlearnersdictionaries.com/us/definition/american_english/resolve
"respect","/rɪˈspekt/",cmudict,https://www.oxfordlearnersdictionaries.com/us/definition/american_english/respect
"respectful","/rɪˈspektfl/",cmudict,https://www.oxfordlearnersdictionaries.com/us/definition/american_english/respectful
"respond","/rɪˈspɑːnd/",cmudict,https://www.oxfordlearnersdictionaries.com/us/definition/american_english/respond
"response","/rɪˈspɑːns/",cmudict,https://www.oxfordlearnersdictionaries.com/us/definition/american_english/response
"reveal","/rɪˈviːl/",cmudict,https://www.oxfordlearnersdictionaries.com/us/definition/american_english/reveal
"reveals","/rɪˈviːlz/",cmudict,https://www.oxfordlearnersdictionaries.com/us/definition/american_english/reveals
"revise","/rɪˈvaɪz/",cmudict,https://www.oxfordlearnersdictionaries.com/us/definition/american_english/revise
"right","/raɪt/",cmudict,https://www.oxfordlearnersdictionaries.com/us/definition/american_english/right
"river","/ˈrɪvər/",cmudict,https://www.oxfordlearnersdictionaries.com/us/definition/american_english/river
"romance","/rəʊˈmæns/",cmudict,https://www.oxfordlearnersdictionaries.com/us/definition/american_english/romance
"romantic","/rəʊˈmæntɪk/",cmudict,https://www.oxfordlearnersdictionaries.com/us/definition/american_english/romantic
"round","/raʊnd/",cmudict,https://www.oxfordlearnersdictionaries.com/us/definition/american_english/round
"rounds","/raʊndz/",cmudict,https://www.oxfordlearnersdictionaries.com/us/definition/american_english/rounds
"routine","/ruːˈtiːn/",cmudict,https://www.oxfordlearnersdictionaries.com/us/definition/american_english/routine
"s","/es/",cmudict,https://www.oxfordlearnersdictionaries.com/us/definition/american_english/s
"sad","/sæd/",cmudict,https://www.oxfordlearnersdictionaries.com/us/definition/american_english/sad
"said","/sed/",cmudict,https://www.oxfordlearnersdictionaries.com/us/definition/american_english/said
"sam","/sæm/",override,https://www.oxfordlearnersdictionaries.com/us/definition/american_english/sam
"same","/seɪm/",cmudict,https://www.oxfordlearnersdictionaries.com/us/definition/american_english/same
"sample","/ˈsæmpl/",cmudict,https://www.oxfordlearnersdictionaries.com/us/definition/american_english/sample
"saturday","/ˈsætərdi/",cmudict,https://www.oxfordlearnersdictionaries.com/us/definition/american_english/saturday
"saved","/seɪvd/",cmudict,https://www.oxfordlearnersdictionaries.com/us/definition/american_english/saved
"savings","/ˈseɪvɪŋz/",cmudict,https://www.oxfordlearnersdictionaries.com/us/definition/american_english/savings
"say","/seɪ/",cmudict,https://www.oxfordlearnersdictionaries.com/us/definition/american_english/say
"saying","/ˈseɪɪŋ/",cmudict,https://www.oxfordlearnersdictionaries.com/us/definition/american_english/saying
"says","/sez/",cmudict,https://www.oxfordlearnersdictionaries.com/us/definition/american_english/says
"scale","/skeɪl/",cmudict,https://www.oxfordlearnersdictionaries.com/us/definition/american_english/scale
"scene","/siːn/",cmudict,https://www.oxfordlearnersdictionaries.com/us/definition/american_english/scene
"schedule","/ˈskedʒuːl/",override,https://www.oxfordlearnersdictionaries.com/us/definition/american_english/schedule
"screen","/skriːn/",cmudict,https://www.oxfordlearnersdictionaries.com/us/definition/american_english/screen
"second","/ˈsekənd/",cmudict,https://www.oxfordlearnersdictionaries.com/us/definition/american_english/second
"seconds","/ˈsekəndz/",cmudict,https://www.oxfordlearnersdictionaries.com/us/definition/american_english/seconds
"see","/siː/",cmudict,https://www.oxfordlearnersdictionaries.com/us/definition/american_english/see
"self","/self/",cmudict,https://www.oxfordlearnersdictionaries.com/us/definition/american_english/self
"self-respect","/self rɪˈspekt/",compound,https://www.oxfordlearnersdictionaries.com/us/definition/american_english/self-respect
"sent","/sent/",cmudict,https://www.oxfordlearnersdictionaries.com/us/definition/american_english/sent
"sentence","/ˈsentəns/",cmudict,https://www.oxfordlearnersdictionaries.com/us/definition/american_english/sentence
"separate","/ˈsepəreɪt/",cmudict,https://www.oxfordlearnersdictionaries.com/us/definition/american_english/separate
"sequence","/ˈsiːkwəns/",cmudict,https://www.oxfordlearnersdictionaries.com/us/definition/american_english/sequence
"set","/set/",cmudict,https://www.oxfordlearnersdictionaries.com/us/definition/american_english/set
"set-up","/set ʌp/",compound,https://www.oxfordlearnersdictionaries.com/us/definition/american_english/set-up
"settle","/ˈsetl/",cmudict,https://www.oxfordlearnersdictionaries.com/us/definition/american_english/settle
"seven","/ˈsevən/",cmudict,https://www.oxfordlearnersdictionaries.com/us/definition/american_english/seven
"several","/ˈsevrəl/",cmudict,https://www.oxfordlearnersdictionaries.com/us/definition/american_english/several
"share","/ʃer/",cmudict,https://www.oxfordlearnersdictionaries.com/us/definition/american_english/share
"shared","/ʃerd/",cmudict,https://www.oxfordlearnersdictionaries.com/us/definition/american_english/shared
"shares","/ʃerz/",cmudict,https://www.oxfordlearnersdictionaries.com/us/definition/american_english/shares
"sharing","/ˈʃerɪŋ/",cmudict,https://www.oxfordlearnersdictionaries.com/us/definition/american_english/sharing
"she","/ʃiː/",cmudict,https://www.oxfordlearnersdictionaries.com/us/definition/american_english/she
"shifts","/ʃɪfts/",cmudict,https://www.oxfordlearnersdictionaries.com/us/definition/american_english/shifts
"short","/ʃɔːrt/",cmudict,https://www.oxfordlearnersdictionaries.com/us/definition/american_english/short
"should","/ʃʊd/",cmudict,https://www.oxfordlearnersdictionaries.com/us/definition/american_english/should
"show","/ʃəʊ/",cmudict,https://www.oxfordlearnersdictionaries.com/us/definition/american_english/show
"showed","/ʃəʊd/",cmudict,https://www.oxfordlearnersdictionaries.com/us/definition/american_english/showed
"showing","/ˈʃəʊɪŋ/",cmudict,https://www.oxfordlearnersdictionaries.com/us/definition/american_english/showing
"shown","/ʃəʊn/",cmudict,https://www.oxfordlearnersdictionaries.com/us/definition/american_english/shown
"shows","/ʃəʊz/",cmudict,https://www.oxfordlearnersdictionaries.com/us/definition/american_english/shows
"side","/saɪd/",cmudict,https://www.oxfordlearnersdictionaries.com/us/definition/american_english/side
"sides","/saɪdz/",cmudict,https://www.oxfordlearnersdictionaries.com/us/definition/american_english/sides
"similar","/ˈsɪmələr/",cmudict,https://www.oxfordlearnersdictionaries.com/us/definition/american_english/similar
"simple","/ˈsɪmpl/",cmudict,https://www.oxfordlearnersdictionaries.com/us/definition/american_english/simple
"single","/ˈsɪŋɡl/",cmudict,https://www.oxfordlearnersdictionaries.com/us/definition/american_english/single
"situation","/ˌsɪtʃuːˈeɪʃən/",cmudict,https://www.oxfordlearnersdictionaries.com/us/definition/american_english/situation
"situations","/ˌsɪtʃuːˈeɪʃənz/",cmudict,https://www.oxfordlearnersdictionaries.com/us/definition/american_english/situations
"six","/sɪks/",cmudict,https://www.oxfordlearnersdictionaries.com/us/definition/american_english/six
"skip","/skɪp/",cmudict,https://www.oxfordlearnersdictionaries.com/us/definition/american_english/skip
"small","/smɔːl/",cmudict,https://www.oxfordlearnersdictionaries.com/us/definition/american_english/small
"so","/səʊ/",cmudict,https://www.oxfordlearnersdictionaries.com/us/definition/american_english/so
"solution","/səˈluːʃən/",cmudict,https://www.oxfordlearnersdictionaries.com/us/definition/american_english/solution
"solve","/sɑːlv/",cmudict,https://www.oxfordlearnersdictionaries.com/us/definition/american_english/solve
"solved","/sɑːlvd/",cmudict,https://www.oxfordlearnersdictionaries.com/us/definition/american_english/solved
"solving","/ˈsɑːlvɪŋ/",cmudict,https://www.oxfordlearnersdictionaries.com/us/definition/american_english/solving
"some","/sʌm/",cmudict,https://www.oxfordlearnersdictionaries.com/us/definition/american_english/some
"someone","/ˈsʌmwʌn/",cmudict,https://www.oxfordlearnersdictionaries.com/us/definition/american_english/someone
"someone's","/ˈsʌmwʌnz/",cmudict,https://www.oxfordlearnersdictionaries.com/us/definition/american_english/someones
"something","/ˈsʌmθɪŋ/",cmudict,https://www.oxfordlearnersdictionaries.com/us/definition/american_english/something
"sorry","/ˈsɑːri/",cmudict,https://www.oxfordlearnersdictionaries.com/us/definition/american_english/sorry
"sound","/saʊnd/",cmudict,https://www.oxfordlearnersdictionaries.com/us/definition/american_english/sound
"sounds","/saʊndz/",cmudict,https://www.oxfordlearnersdictionaries.com/us/definition/american_english/sounds
"space","/speɪs/",cmudict,https://www.oxfordlearnersdictionaries.com/us/definition/american_english/space
"speak","/spiːk/",cmudict,https://www.oxfordlearnersdictionaries.com/us/definition/american_english/speak
"speaker","/ˈspiːkər/",cmudict,https://www.oxfordlearnersdictionaries.com/us/definition/american_english/speaker
"speaker's","/ˈspiːkərz/",cmudict,https://www.oxfordlearnersdictionaries.com/us/definition/american_english/speakers
"speakers","/ˈspiːkərz/",cmudict,https://www.oxfordlearnersdictionaries.com/us/definition/american_english/speakers
"speaking","/ˈspiːkɪŋ/",cmudict,https://www.oxfordlearnersdictionaries.com/us/definition/american_english/speaking
"special","/ˈspeʃl/",cmudict,https://www.oxfordlearnersdictionaries.com/us/definition/american_english/special
"specific","/spəˈsɪfɪk/",cmudict,https://www.oxfordlearnersdictionaries.com/us/definition/american_english/specific
"spend","/spend/",cmudict,https://www.oxfordlearnersdictionaries.com/us/definition/american_english/spend
"spreadsheet","/ˈspredʃiːt/",cmudict,https://www.oxfordlearnersdictionaries.com/us/definition/american_english/spreadsheet
"stage","/steɪdʒ/",cmudict,https://www.oxfordlearnersdictionaries.com/us/definition/american_english/stage
"stages","/ˈsteɪdʒəz/",cmudict,https://www.oxfordlearnersdictionaries.com/us/definition/american_english/stages
"start","/stɑːrt/",cmudict,https://www.oxfordlearnersdictionaries.com/us/definition/american_english/start
"starters","/ˈstɑːrtərz/",cmudict,https://www.oxfordlearnersdictionaries.com/us/definition/american_english/starters
"starts","/stɑːrts/",cmudict,https://www.oxfordlearnersdictionaries.com/us/definition/american_english/starts
"statement","/ˈsteɪtmənt/",cmudict,https://www.oxfordlearnersdictionaries.com/us/definition/american_english/statement
"statements","/ˈsteɪtmənts/",cmudict,https://www.oxfordlearnersdictionaries.com/us/definition/american_english/statements
"stay","/steɪ/",cmudict,https://www.oxfordlearnersdictionaries.com/us/definition/american_english/stay
"stayed","/steɪd/",cmudict,https://www.oxfordlearnersdictionaries.com/us/definition/american_english/stayed
"staying","/ˈsteɪɪŋ/",cmudict,https://www.oxfordlearnersdictionaries.com/us/definition/american_english/staying
"stays","/steɪz/",cmudict,https://www.oxfordlearnersdictionaries.com/us/definition/american_english/stays
"step","/step/",cmudict,https://www.oxfordlearnersdictionaries.com/us/definition/american_english/step
"still","/stɪl/",cmudict,https://www.oxfordlearnersdictionaries.com/us/definition/american_english/still
"stop","/stɑːp/",cmudict,https://www.oxfordlearnersdictionaries.com/us/definition/american_english/stop
"stops","/stɑːps/",cmudict,https://www.oxfordlearnersdictionaries.com/us/definition/american_english/stops
"strangers","/ˈstreɪndʒərz/",cmudict,https://www.oxfordlearnersdictionaries.com/us/definition/american_english/strangers
"strength","/streŋkθ/",cmudict,https://www.oxfordlearnersdictionaries.com/us/definition/american_english/strength
"strengthen","/ˈstreŋθən/",cmudict,https://www.oxfordlearnersdictionaries.com/us/definition/american_english/strengthen
"stress","/stres/",cmudict,https://www.oxfordlearnersdictionaries.com/us/definition/american_english/stress
"stressful","/ˈstresfl/",cmudict,https://www.oxfordlearnersdictionaries.com/us/definition/american_english/stressful
"stretch","/stretʃ/",cmudict,https://www.oxfordlearnersdictionaries.com/us/definition/american_english/stretch
"strong","/strɔːŋ/",cmudict,https://www.oxfordlearnersdictionaries.com/us/definition/american_english/strong
"strongest","/ˈstrɔːŋɡəst/",cmudict,https://www.oxfordlearnersdictionaries.com/us/definition/american_english/strongest
"strongly","/ˈstrɔːŋli/",cmudict,https://www.oxfordlearnersdictionaries.com/us/definition/american_english/strongly
"student","/ˈstuːdənt/",cmudict,https://www.oxfordlearnersdictionaries.com/us/definition/american_english/student
"students","/ˈstuːdənts/",cmudict,https://www.oxfordlearnersdictionaries.com/us/definition/american_english/students
"studies","/ˈstʌdiz/",cmudict,https://www.oxfordlearnersdictionaries.com/us/definition/american_english/studies
"style","/staɪl/",cmudict,https://www.oxfordlearnersdictionaries.com/us/definition/american_english/style
"styles","/staɪlz/",cmudict,https://www.oxfordlearnersdictionaries.com/us/definition/american_english/styles
"successful","/səkˈsesfl/",cmudict,https://www.oxfordlearnersdictionaries.com/us/definition/american_english/successful
"suggest","/səˈdʒest/",cmudict,https://www.oxfordlearnersdictionaries.com/us/definition/american_english/suggest
"suggested","/səˈdʒestɪd/",cmudict,https://www.oxfordlearnersdictionaries.com/us/definition/american_english/suggested
"support","/səˈpɔːrt/",cmudict,https://www.oxfordlearnersdictionaries.com/us/definition/american_english/support
"surprise","/sərˈpraɪz/",cmudict,https://www.oxfordlearnersdictionaries.com/us/definition/american_english/surprise
"surprising","/sərˈpraɪzɪŋ/",cmudict,https://www.oxfordlearnersdictionaries.com/us/definition/american_english/surprising
"table","/ˈteɪbl/",cmudict,https://www.oxfordlearnersdictionaries.com/us/definition/american_english/table
"take","/teɪk/",cmudict,https://www.oxfordlearnersdictionaries.com/us/definition/american_english/take
"takeaway","/ˈteɪkəweɪ/",cmudict,https://www.oxfordlearnersdictionaries.com/us/definition/american_english/takeaway
"takes","/teɪks/",cmudict,https://www.oxfordlearnersdictionaries.com/us/definition/american_english/takes
"taking","/ˈteɪkɪŋ/",cmudict,https://www.oxfordlearnersdictionaries.com/us/definition/american_english/taking
"talk","/tɔːk/",cmudict,https://www.oxfordlearnersdictionaries.com/us/definition/american_english/talk
"talked","/tɔːkt/",cmudict,https://www.oxfordlearnersdictionaries.com/us/definition/american_english/talked
"talking","/ˈtɔːkɪŋ/",cmudict,https://www.oxfordlearnersdictionaries.com/us/definition/american_english/talking
"talks","/tɔːks/",cmudict,https://www.oxfordlearnersdictionaries.com/us/definition/american_english/talks
"target","/ˈtɑːrɡət/",cmudict,https://www.oxfordlearnersdictionaries.com/us/definition/american_english/target
"taste","/teɪst/",cmudict,https://www.oxfordlearnersdictionaries.com/us/definition/american_english/taste
"teacher","/ˈtiːtʃər/",cmudict,https://www.oxfordlearnersdictionaries.com/us/definition/american_english/teacher
"teal","/tiːl/",cmudict,https://www.oxfordlearnersdictionaries.com/us/definition/american_english/teal
"team","/tiːm/",cmudict,https://www.oxfordlearnersdictionaries.com/us/definition/american_english/team
"tell","/tel/",cmudict,https://www.oxfordlearnersdictionaries.com/us/definition/american_english/tell
"ten","/ten/",cmudict,https://www.oxfordlearnersdictionaries.com/us/definition/american_english/ten
"term","/tɜːrm/",cmudict,https://www.oxfordlearnersdictionaries.com/us/definition/american_english/term
"text","/tekst/",cmudict,https://www.oxfordlearnersdictionaries.com/us/definition/american_english/text
"than","/ðæn/",cmudict,https://www.oxfordlearnersdictionaries.com/us/definition/american_english/than
"thank","/θæŋk/",cmudict,https://www.oxfordlearnersdictionaries.com/us/definition/american_english/thank
"that","/ðæt/",cmudict,https://www.oxfordlearnersdictionaries.com/us/definition/american_english/that
"the","/ðə/",cmudict,https://www.oxfordlearnersdictionaries.com/us/definition/american_english/the
"their","/ðer/",cmudict,https://www.oxfordlearnersdictionaries.com/us/definition/american_english/their
"them","/ðem/",cmudict,https://www.oxfordlearnersdictionaries.com/us/definition/american_english/them
"then","/ðen/",cmudict,https://www.oxfordlearnersdictionaries.com/us/definition/american_english/then
"there","/ðer/",cmudict,https://www.oxfordlearnersdictionaries.com/us/definition/american_english/there
"these","/ðiːz/",cmudict,https://www.oxfordlearnersdictionaries.com/us/definition/american_english/these
"they","/ðeɪ/",cmudict,https://www.oxfordlearnersdictionaries.com/us/definition/american_english/they
"thing","/θɪŋ/",cmudict,https://www.oxfordlearnersdictionaries.com/us/definition/american_english/thing
"things","/θɪŋz/",cmudict,https://www.oxfordlearnersdictionaries.com/us/definition/american_english/things
"think","/θɪŋk/",cmudict,https://www.oxfordlearnersdictionaries.com/us/definition/american_english/think
"thinking","/ˈθɪŋkɪŋ/",cmudict,https://www.oxfordlearnersdictionaries.com/us/definition/american_english/thinking
"thirty","/ˈθɜːrdiː/",cmudict,https://www.oxfordlearnersdictionaries.com/us/definition/american_english/thirty
"this","/ðɪs/",cmudict,https://www.oxfordlearnersdictionaries.com/us/definition/american_english/this
"thought","/θɔːt/",cmudict,https://www.oxfordlearnersdictionaries.com/us/definition/american_english/thought
"thoughtful","/ˈθɔːtfl/",cmudict,https://www.oxfordlearnersdictionaries.com/us/definition/american_english/thoughtful
"three","/θriː/",cmudict,https://www.oxfordlearnersdictionaries.com/us/definition/american_english/three
"three-stage","/θriː steɪdʒ/",compound,https://www.oxfordlearnersdictionaries.com/us/definition/american_english/three-stage
"throughout","/θruːˈaʊt/",cmudict,https://www.oxfordlearnersdictionaries.com/us/definition/american_english/throughout
"time","/taɪm/",cmudict,https://www.oxfordlearnersdictionaries.com/us/definition/american_english/time
"timer","/ˈtaɪmər/",cmudict,https://www.oxfordlearnersdictionaries.com/us/definition/american_english/timer
"title","/ˈtaɪtl/",cmudict,https://www.oxfordlearnersdictionaries.com/us/definition/american_english/title
"to","/tuː/",cmudict,https://www.oxfordlearnersdictionaries.com/us/definition/american_english/to
"today","/təˈdeɪ/",cmudict,https://www.oxfordlearnersdictionaries.com/us/definition/american_english/today
"together","/təˈɡeðər/",cmudict,https://www.oxfordlearnersdictionaries.com/us/definition/american_english/together
"token","/ˈtəʊkən/",cmudict,https://www.oxfordlearnersdictionaries.com/us/definition/american_english/token
"tokens","/ˈtəʊkənz/",cmudict,https://www.oxfordlearnersdictionaries.com/us/definition/american_english/tokens
"tomorrow","/təˈmɑːrəʊ/",cmudict,https://www.oxfordlearnersdictionaries.com/us/definition/american_english/tomorrow
"tonight","/təˈnaɪt/",cmudict,https://www.oxfordlearnersdictionaries.com/us/definition/american_english/tonight
"too","/tuː/",cmudict,https://www.oxfordlearnersdictionaries.com/us/definition/american_english/too
"took","/tʊk/",cmudict,https://www.oxfordlearnersdictionaries.com/us/definition/american_english/took
"touch","/tʌtʃ/",cmudict,https://www.oxfordlearnersdictionaries.com/us/definition/american_english/touch
"trade","/treɪd/",cmudict,https://www.oxfordlearnersdictionaries.com/us/definition/american_english/trade
"trade-off","/treɪd ɔːf/",compound,https://www.oxfordlearnersdictionaries.com/us/definition/american_english/trade-off
"trade-offs","/treɪd ɔːfs/",compound,https://www.oxfordlearnersdictionaries.com/us/definition/american_english/trade-offs
"transcribed","/trænˈskraɪbd/",cmudict,https://www.oxfordlearnersdictionaries.com/us/definition/american_english/transcribed
"travel","/ˈtrævl/",cmudict,https://www.oxfordlearnersdictionaries.com/us/definition/american_english/travel
"treat","/triːt/",cmudict,https://www.oxfordlearnersdictionaries.com/us/definition/american_english/treat
"treated","/ˈtriːtɪd/",cmudict,https://www.oxfordlearnersdictionaries.com/us/definition/american_english/treated
"treats","/triːts/",cmudict,https://www.oxfordlearnersdictionaries.com/us/definition/american_english/treats
"tried","/traɪd/",cmudict,https://www.oxfordlearnersdictionaries.com/us/definition/american_english/tried
"trip","/trɪp/",cmudict,https://www.oxfordlearnersdictionaries.com/us/definition/american_english/trip
"trust","/trʌst/",cmudict,https://www.oxfordlearnersdictionaries.com/us/definition/american_english/trust
"try","/traɪ/",cmudict,https://www.oxfordlearnersdictionaries.com/us/definition/american_english/try
"trying","/ˈtraɪɪŋ/",cmudict,https://www.oxfordlearnersdictionaries.com/us/definition/american_english/trying
"turn","/tɜːrn/",cmudict,https://www.oxfordlearnersdictionaries.com/us/definition/american_english/turn
"twist","/twɪst/",cmudict,https://www.oxfordlearnersdictionaries.com/us/definition/american_english/twist
"two","/tuː/",cmudict,https://www.oxfordlearnersdictionaries.com/us/definition/american_english/two
"typed","/taɪpt/",cmudict,https://www.oxfordlearnersdictionaries.com/us/definition/american_english/typed
"under","/ˈʌndər/",cmudict,https://www.oxfordlearnersdictionaries.com/us/definition/american_english/under
"understandings","/ˌʌndərˈstændɪŋz/",cmudict,https://www.oxfordlearnersdictionaries.com/us/definition/american_english/understandings
"understood","/ˌʌndərˈstʊd/",cmudict,https://www.oxfordlearnersdictionaries.com/us/definition/american_english/understood
"unexpected","/ˌʌnɪkˈspektɪd/",cmudict,https://www.oxfordlearnersdictionaries.com/us/definition/american_english/unexpected
"unexpectedly","/ˌʌnɪkˈspektɪdli/",cmudict,https://www.oxfordlearnersdictionaries.com/us/definition/american_english/unexpectedly
"unhealthy","/ənˈhelθi/",cmudict,https://www.oxfordlearnersdictionaries.com/us/definition/american_english/unhealthy
"unkind","/ənˈkaɪnd/",cmudict,https://www.oxfordlearnersdictionaries.com/us/definition/american_english/unkind
"unless","/ənˈles/",cmudict,https://www.oxfordlearnersdictionaries.com/us/definition/american_english/unless
"unreasonable","/ənˈriːznəbl/",cmudict,https://www.oxfordlearnersdictionaries.com/us/definition/american_english/unreasonable
"until","/ənˈtɪl/",cmudict,https://www.oxfordlearnersdictionaries.com/us/definition/american_english/until
"up","/ʌp/",cmudict,https://www.oxfordlearnersdictionaries.com/us/definition/american_english/up
"ups","/ʌps/",cmudict,https://www.oxfordlearnersdictionaries.com/us/definition/american_english/ups
"us","/ʌs/",cmudict,https://www.oxfordlearnersdictionaries.com/us/definition/american_english/us
"use","/juːz/",override,https://www.oxfordlearnersdictionaries.com/us/definition/american_english/use
"used","/juːzd/",cmudict,https://www.oxfordlearnersdictionaries.com/us/definition/american_english/used
"useful","/ˈjuːsfl/",cmudict,https://www.oxfordlearnersdictionaries.com/us/definition/american_english/useful
"using","/ˈjuːzɪŋ/",cmudict,https://www.oxfordlearnersdictionaries.com/us/definition/american_english/using
"value","/ˈvæljuː/",cmudict,https://www.oxfordlearnersdictionaries.com/us/definition/american_english/value
"values","/ˈvæljuːz/",cmudict,https://www.oxfordlearnersdictionaries.com/us/definition/american_english/values
"verb","/vɜːrb/",cmudict,https://www.oxfordlearnersdictionaries.com/us/definition/american_english/verb
"very","/ˈveri/",cmudict,https://www.oxfordlearnersdictionaries.com/us/definition/american_english/very
"view","/vjuː/",cmudict,https://www.oxfordlearnersdictionaries.com/us/definition/american_english/view
"views","/vjuːz/",cmudict,https://www.oxfordlearnersdictionaries.com/us/definition/american_english/views
"visa","/ˈviːzə/",cmudict,https://www.oxfordlearnersdictionaries.com/us/definition/american_english/visa
"vocabulary","/vəʊˈkæbjəleri/",cmudict,https://www.oxfordlearnersdictionaries.com/us/definition/american_english/vocabulary
"voice","/vɔɪs/",cmudict,https://www.oxfordlearnersdictionaries.com/us/definition/american_english/voice
"volume","/ˈvɑːljuːm/",cmudict,https://www.oxfordlearnersdictionaries.com/us/definition/american_english/volume
"wait","/weɪt/",cmudict,https://www.oxfordlearnersdictionaries.com/us/definition/american_english/wait
"waits","/weɪts/",cmudict,https://www.oxfordlearnersdictionaries.com/us/definition/american_english/waits
"wakes","/weɪks/",cmudict,https://www.oxfordlearnersdictionaries.com/us/definition/american_english/wakes
"want","/wɑːnt/",cmudict,https://www.oxfordlearnersdictionaries.com/us/definition/american_english/want
"wants","/wɑːnts/",cmudict,https://www.oxfordlearnersdictionaries.com/us/definition/american_english/wants
"was","/wʌz/",override,https://www.oxfordlearnersdictionaries.com/us/definition/american_english/was
"watch","/wɑːtʃ/",cmudict,https://www.oxfordlearnersdictionaries.com/us/definition/american_english/watch
"way","/weɪ/",cmudict,https://www.oxfordlearnersdictionaries.com/us/definition/american_english/way
"ways","/weɪz/",cmudict,https://www.oxfordlearnersdictionaries.com/us/definition/american_english/ways
"we","/wiː/",cmudict,https://www.oxfordlearnersdictionaries.com/us/definition/american_english/we
"weaker","/ˈwiːkər/",cmudict,https://www.oxfordlearnersdictionaries.com/us/definition/american_english/weaker
"week","/wiːk/",cmudict,https://www.oxfordlearnersdictionaries.com/us/definition/american_english/week
"weekend","/ˈwiːkend/",cmudict,https://www.oxfordlearnersdictionaries.com/us/definition/american_english/weekend
"weekends","/ˈwiːkendz/",cmudict,https://www.oxfordlearnersdictionaries.com/us/definition/american_english/weekends
"weeks","/wiːks/",cmudict,https://www.oxfordlearnersdictionaries.com/us/definition/american_english/weeks
"welcome","/ˈwelkəm/",cmudict,https://www.oxfordlearnersdictionaries.com/us/definition/american_english/welcome
"well","/wel/",cmudict,https://www.oxfordlearnersdictionaries.com/us/definition/american_english/well
"were","/wɜːr/",cmudict,https://www.oxfordlearnersdictionaries.com/us/definition/american_english/were
"what","/wʌt/",cmudict,https://www.oxfordlearnersdictionaries.com/us/definition/american_english/what
"when","/wen/",cmudict,https://www.oxfordlearnersdictionaries.com/us/definition/american_english/when
"where","/wer/",cmudict,https://www.oxfordlearnersdictionaries.com/us/definition/american_english/where
"whether","/ˈweðər/",cmudict,https://www.oxfordlearnersdictionaries.com/us/definition/american_english/whether
"which","/wɪtʃ/",cmudict,https://www.oxfordlearnersdictionaries.com/us/definition/american_english/which
"while","/waɪl/",cmudict,https://www.oxfordlearnersdictionaries.com/us/definition/american_english/while
"who","/huː/",cmudict,https://www.oxfordlearnersdictionaries.com/us/definition/american_english/who
"whole","/həʊl/",cmudict,https://www.oxfordlearnersdictionaries.com/us/definition/american_english/whole
"why","/waɪ/",cmudict,https://www.oxfordlearnersdictionaries.com/us/definition/american_english/why
"will","/wɪl/",cmudict,https://www.oxfordlearnersdictionaries.com/us/definition/american_english/will
"willing","/ˈwɪlɪŋ/",cmudict,https://www.oxfordlearnersdictionaries.com/us/definition/american_english/willing
"willingness","/ˈwɪlɪŋnəs/",cmudict,https://www.oxfordlearnersdictionaries.com/us/definition/american_english/willingness
"with","/wɪð/",cmudict,https://www.oxfordlearnersdictionaries.com/us/definition/american_english/with
"without","/wɪˈθaʊt/",cmudict,https://www.oxfordlearnersdictionaries.com/us/definition/american_english/without
"word","/wɜːrd/",cmudict,https://www.oxfordlearnersdictionaries.com/us/definition/american_english/word
"words","/wɜːrdz/",cmudict,https://www.oxfordlearnersdictionaries.com/us/definition/american_english/words
"work","/wɜːrk/",cmudict,https://www.oxfordlearnersdictionaries.com/us/definition/american_english/work
"worked","/wɜːrkt/",cmudict,https://www.oxfordlearnersdictionaries.com/us/definition/american_english/worked
"working","/ˈwɜːrkɪŋ/",cmudict,https://www.oxfordlearnersdictionaries.com/us/definition/american_english/working
"works","/wɜːrks/",cmudict,https://www.oxfordlearnersdictionaries.com/us/definition/american_english/works
"worried","/ˈwɜːrid/",cmudict,https://www.oxfordlearnersdictionaries.com/us/definition/american_english/worried
"worth","/wɜːrθ/",cmudict,https://www.oxfordlearnersdictionaries.com/us/definition/american_english/worth
"would","/wʊd/",cmudict,https://www.oxfordlearnersdictionaries.com/us/definition/american_english/would
"wrong","/rɔːŋ/",cmudict,https://www.oxfordlearnersdictionaries.com/us/definition/american_english/wrong
"year","/jɪr/",cmudict,https://www.oxfordlearnersdictionaries.com/us/definition/american_english/year
"years","/jɪrz/",cmudict,https://www.oxfordlearnersdictionaries.com/us/definition/american_english/years
"yet","/jet/",cmudict,https://www.oxfordlearnersdictionaries.com/us/definition/american_english/yet
"you","/juː/",cmudict,https://www.oxfordlearnersdictionaries.com/us/definition/american_english/you
"your","/jɔːr/",cmudict,https://www.oxfordlearnersdictionaries.com/us/definition/american_english/your